{"type":"FeatureCollection","meta":{"source":"Natural Earth 110m/50m (US, IN) + simplified open approximations (AE emirates, JP regions). CC BY / public domain.","seededCountries":["us","in","ae","jp"]},"features":[{"type":"Feature","properties":{"id":"us-mn","name":"Minnesota","country":"us","iso3166_2":"US-MN","postal":"MN"},"geometry":{"type":"Polygon","coordinates":[[[-89.957656,47.286907],[-90.131754,47.292747],[-90.305852,47.298018],[-90.47995,47.303857],[-90.654048,47.309128],[-90.857782,47.212829],[-91.060974,47.117047],[-91.264708,47.021265],[-91.468442,46.924966],[-91.592259,46.87626],[-91.716618,46.827607],[-91.840978,46.778385],[-91.964794,46.729706],[-92.011898,46.711723],[-92.274879,46.656145],[-92.264828,46.095223],[-92.296583,46.096282],[-92.5437,45.985695],[-92.756968,45.889912],[-92.899828,45.705763],[-92.689221,45.518436],[-92.765417,45.267082],[-92.766477,44.996143],[-92.796656,44.776027],[-92.505072,44.58392],[-92.385492,44.574928],[-92.062153,44.432585],[-91.949989,44.364838],[-91.879606,44.257428],[-91.627709,44.085449],[-91.28959,43.937293],[-91.257292,43.854739],[-91.254657,43.613979],[-91.228199,43.501247],[-92.540005,43.519773],[-94.001027,43.513417],[-95.359936,43.500187],[-96.45266,43.501789],[-96.439431,44.435763],[-96.560612,45.393018],[-96.735769,45.470817],[-96.834704,45.625329],[-96.780728,45.760799],[-96.556891,45.872446],[-96.539451,46.017967],[-96.538908,46.19948],[-96.601359,46.351357],[-96.685488,46.513285],[-96.733651,46.716477],[-96.74582,46.944525],[-96.779694,46.999044],[-96.820415,47.292204],[-96.824653,47.426614],[-96.844238,47.546194],[-96.893977,47.748869],[-97.015158,47.954205],[-97.131042,48.137295],[-97.148509,48.318782],[-97.161221,48.514584],[-97.127348,48.642122],[-97.120475,48.758523],[-97.214138,48.902442],[-97.228943,49.000885],[-95.158837,48.999826],[-95.156202,49.384014],[-94.81754,49.389285],[-94.640264,48.840017],[-94.32912,48.670673],[-93.63061,48.609281],[-92.609846,48.450015],[-91.639879,48.13993],[-90.830264,48.270103],[-89.599952,48.010274],[-89.599409,48.010274],[-89.490032,48.013406],[-89.522695,47.960535],[-89.613698,47.819252],[-89.728006,47.641976],[-89.842831,47.464726],[-89.957656,47.286907]]]}},{"type":"Feature","properties":{"id":"us-mt","name":"Montana","country":"us","iso3166_2":"US-MT","postal":"MT"},"geometry":{"type":"Polygon","coordinates":[[[-116.048234,49.000369],[-113.059502,49.001402],[-110.070769,49.003004],[-107.082037,49.00458],[-104.092762,49.00564],[-104.077414,47.171565],[-104.026616,45.956601],[-104.077957,45.04061],[-105.745891,45.051178],[-107.546634,45.045881],[-109.102379,45.057018],[-111.071406,45.049602],[-111.067194,44.541597],[-111.085178,44.506147],[-111.194189,44.561156],[-111.291548,44.701406],[-111.400016,44.728924],[-111.542385,44.530486],[-111.771492,44.498214],[-112.336135,44.56064],[-112.362593,44.462222],[-112.690144,44.498731],[-112.87481,44.360083],[-113.052086,44.619912],[-113.174844,44.765433],[-113.378578,44.789773],[-113.439427,44.862792],[-113.502937,45.124223],[-113.680213,45.249073],[-113.794496,45.564997],[-113.914101,45.702585],[-114.035799,45.730103],[-114.137937,45.589336],[-114.335315,45.470274],[-114.513651,45.569234],[-114.523702,45.825369],[-114.407275,45.889912],[-114.49143,46.14708],[-114.394046,46.410087],[-114.284517,46.631805],[-114.58561,46.641339],[-114.84332,46.786318],[-115.12165,47.095369],[-115.288332,47.250398],[-115.519067,47.345121],[-115.704792,47.50493],[-115.704276,47.684842],[-115.9678,47.950484],[-116.048234,49.000369]]]}},{"type":"Feature","properties":{"id":"us-nd","name":"North Dakota","country":"us","iso3166_2":"US-ND","postal":"ND"},"geometry":{"type":"Polygon","coordinates":[[[-97.228943,49.000885],[-97.214138,48.902442],[-97.120475,48.758523],[-97.127348,48.642122],[-97.161221,48.514584],[-97.148509,48.318782],[-97.131042,48.137295],[-97.015158,47.954205],[-96.893977,47.748869],[-96.844238,47.546194],[-96.824653,47.426614],[-96.820415,47.292204],[-96.779694,46.999044],[-96.74582,46.944525],[-96.733651,46.716477],[-96.685488,46.513285],[-96.601359,46.351357],[-96.538908,46.19948],[-96.539451,46.017967],[-98.441789,45.963448],[-100.066858,45.965567],[-102.116862,45.961355],[-104.026616,45.956601],[-104.077414,47.171565],[-104.092762,49.00564],[-100.629899,49.003004],[-97.228943,49.000885]]]}},{"type":"Feature","properties":{"id":"us-hi","name":"Hawaii","country":"us","iso3166_2":"US-HI","postal":"HI"},"geometry":{"type":"MultiPolygon","coordinates":[[[[-155.93665,19.05939],[-155.90806,19.33888],[-156.07347,19.70294],[-156.02368,19.81422],[-155.85008,19.97729],[-155.91907,20.17395],[-155.86108,20.26721],[-155.78505,20.2487],[-155.40214,20.07975],[-155.22452,19.99302],[-155.06226,19.8591],[-154.80741,19.50871],[-154.83147,19.45328],[-155.22217,19.23972],[-155.54211,19.08348],[-155.68817,18.91619],[-155.93665,19.05939]]],[[[-155.99566,20.76404],[-156.07926,20.64397],[-156.41445,20.57241],[-156.58673,20.783],[-156.70167,20.8643],[-156.71055,20.92676],[-156.61258,21.01249],[-156.25711,20.91745],[-155.99566,20.76404]]],[[[-156.75824,21.17684],[-156.78933,21.06873],[-157.32521,21.09777],[-157.25027,21.21958],[-156.75824,21.17684]]],[[[-158.12667,21.31244],[-158.2538,21.53919],[-158.29265,21.57912],[-158.0252,21.71696],[-157.94161,21.65272],[-157.65283,21.32217],[-157.70703,21.26442],[-157.7786,21.27729],[-158.12667,21.31244]]],[[[-159.80051,22.06533],[-159.74877,22.1382],[-159.5962,22.23618],[-159.36569,22.21494],[-159.34512,21.982],[-159.46372,21.88299],[-159.80051,22.06533]]]]}},{"type":"Feature","properties":{"id":"us-id","name":"Idaho","country":"us","iso3166_2":"US-ID","postal":"ID"},"geometry":{"type":"Polygon","coordinates":[[[-116.048234,49.000369],[-115.9678,47.950484],[-115.704276,47.684842],[-115.704792,47.50493],[-115.519067,47.345121],[-115.288332,47.250398],[-115.12165,47.095369],[-114.84332,46.786318],[-114.58561,46.641339],[-114.284517,46.631805],[-114.394046,46.410087],[-114.49143,46.14708],[-114.407275,45.889912],[-114.523702,45.825369],[-114.513651,45.569234],[-114.335315,45.470274],[-114.137937,45.589336],[-114.035799,45.730103],[-113.914101,45.702585],[-113.794496,45.564997],[-113.680213,45.249073],[-113.502937,45.124223],[-113.439427,44.862792],[-113.378578,44.789773],[-113.174844,44.765433],[-113.052086,44.619912],[-112.87481,44.360083],[-112.690144,44.498731],[-112.362593,44.462222],[-112.336135,44.56064],[-111.771492,44.498214],[-111.542385,44.530486],[-111.400016,44.728924],[-111.291548,44.701406],[-111.194189,44.561156],[-111.085178,44.506147],[-111.049728,44.488163],[-111.050245,42.001597],[-114.034223,41.993122],[-117.028252,42.000021],[-117.013963,43.797069],[-116.926656,44.081211],[-117.007607,44.21141],[-117.194391,44.279132],[-117.192299,44.438942],[-117.051532,44.665956],[-116.836145,44.863851],[-116.693285,45.186648],[-116.558875,45.444358],[-116.457796,45.574531],[-116.511255,45.726408],[-116.678997,45.807359],[-116.915003,45.999983],[-116.906528,46.177776],[-116.998073,46.33017],[-117.02665,47.722927],[-117.03143,48.999309],[-116.048234,49.000369]]]}},{"type":"Feature","properties":{"id":"us-wa","name":"Washington","country":"us","iso3166_2":"US-WA","postal":"WA"},"geometry":{"type":"Polygon","coordinates":[[[-117.03143,48.999309],[-117.02665,47.722927],[-116.998073,46.33017],[-116.906528,46.177776],[-116.915003,45.999983],[-118.978236,45.992568],[-119.337,45.888336],[-119.59205,45.932235],[-119.787309,45.850768],[-120.158268,45.740671],[-120.609636,45.7539],[-120.837193,45.672949],[-121.046741,45.637499],[-121.203889,45.689899],[-121.561077,45.732764],[-121.788091,45.700983],[-122.174915,45.59515],[-122.420456,45.591998],[-122.651708,45.630083],[-122.725786,45.770333],[-122.752244,45.938075],[-122.937969,46.129097],[-123.228494,46.186251],[-123.471373,46.277253],[-123.776704,46.282033],[-123.998676,46.283069],[-124.079635,46.86475],[-124.39567,47.72017],[-124.68721,48.184433],[-124.566101,48.379715],[-123.12,48.04],[-122.587138,47.095885],[-122.340021,47.359952],[-122.499831,48.18016],[-122.84,49],[-120.002696,49.000885],[-117.03143,48.999309]]]}},{"type":"Feature","properties":{"id":"us-az","name":"Arizona","country":"us","iso3166_2":"US-AZ","postal":"AZ"},"geometry":{"type":"Polygon","coordinates":[[[-109.045225,36.999912],[-109.043673,31.341899],[-111.023786,31.334651],[-113.305016,32.038975],[-114.814743,32.525276],[-114.72139,32.72083],[-114.589848,32.716298],[-114.479777,32.916337],[-114.655993,33.0539],[-114.691443,33.203684],[-114.743301,33.379875],[-114.548558,33.609525],[-114.469183,34.067275],[-114.165972,34.272585],[-114.354901,34.464667],[-114.484531,34.653053],[-114.567084,34.82821],[-114.62212,34.96368],[-114.642222,35.053106],[-114.580856,35.249425],[-114.630052,35.445227],[-114.650697,35.63891],[-114.65018,35.854272],[-114.739606,35.991318],[-114.671341,36.114618],[-114.460734,36.114618],[-114.269169,36.043692],[-114.13264,36.004004],[-114.066495,36.156424],[-114.023629,36.189755],[-114.030528,36.994099],[-112.417603,37.009421],[-110.496221,37.007328],[-109.045225,36.999912]]]}},{"type":"Feature","properties":{"id":"us-ca","name":"California","country":"us","iso3166_2":"US-CA","postal":"CA"},"geometry":{"type":"Polygon","coordinates":[[[-114.642222,35.053106],[-114.62212,34.96368],[-114.567084,34.82821],[-114.484531,34.653053],[-114.354901,34.464667],[-114.165972,34.272585],[-114.469183,34.067275],[-114.548558,33.609525],[-114.743301,33.379875],[-114.691443,33.203684],[-114.655993,33.0539],[-114.479777,32.916337],[-114.589848,32.716298],[-114.72139,32.72083],[-115.99108,32.612583],[-117.127729,32.535327],[-117.295938,33.046225],[-117.944,33.621236],[-118.410602,33.740909],[-118.519895,34.027782],[-119.081,34.078],[-119.438841,34.348477],[-120.367816,34.447226],[-120.622865,34.608611],[-120.744589,35.156821],[-121.714556,36.161721],[-122.547451,37.551817],[-122.512,37.783611],[-122.953317,38.113798],[-123.726965,38.951473],[-123.86507,39.766927],[-124.397958,40.313018],[-124.178875,41.142244],[-124.213809,41.999478],[-119.998976,41.992605],[-120.000035,38.995398],[-118.11462,37.644421],[-116.32075,36.322047],[-114.642222,35.053106]]]}},{"type":"Feature","properties":{"id":"us-co","name":"Colorado","country":"us","iso3166_2":"US-CO","postal":"CO"},"geometry":{"type":"Polygon","coordinates":[[[-102.050174,40.000815],[-102.040123,38.459875],[-102.041182,36.99198],[-103.003216,36.995158],[-104.200198,36.996192],[-105.899861,36.997277],[-107.479971,36.999912],[-109.045225,36.999912],[-109.053183,41.001994],[-108.050944,41.002536],[-107.049739,41.002536],[-105.046864,41.003596],[-104.045142,41.004112],[-102.048055,41.004112],[-102.050174,40.033086],[-102.050174,40.000815]]]}},{"type":"Feature","properties":{"id":"us-nv","name":"Nevada","country":"us","iso3166_2":"US-NV","postal":"NV"},"geometry":{"type":"Polygon","coordinates":[[[-117.028252,42.000021],[-114.034223,41.993122],[-114.030528,36.994099],[-114.023629,36.189755],[-114.066495,36.156424],[-114.13264,36.004004],[-114.269169,36.043692],[-114.460734,36.114618],[-114.671341,36.114618],[-114.739606,35.991318],[-114.65018,35.854272],[-114.650697,35.63891],[-114.630052,35.445227],[-114.580856,35.249425],[-114.642222,35.053106],[-116.32075,36.322047],[-118.11462,37.644421],[-120.000035,38.995398],[-119.998976,41.992605],[-117.028252,41.997359],[-117.028252,42.000021]]]}},{"type":"Feature","properties":{"id":"us-nm","name":"New Mexico","country":"us","iso3166_2":"US-NM","postal":"NM"},"geometry":{"type":"Polygon","coordinates":[[[-109.043673,31.341899],[-109.045225,36.999912],[-107.479971,36.999912],[-105.899861,36.997277],[-104.200198,36.996192],[-103.003216,36.995158],[-103.001614,36.499323],[-103.001614,33.879948],[-103.001614,31.999287],[-103.929775,31.999287],[-105.730001,31.999287],[-106.630127,31.999287],[-106.619533,31.914099],[-106.507344,31.754289],[-108.24,31.754854],[-108.241966,31.342067],[-109.043673,31.341899]]]}},{"type":"Feature","properties":{"id":"us-or","name":"Oregon","country":"us","iso3166_2":"US-OR","postal":"OR"},"geometry":{"type":"Polygon","coordinates":[[[-116.915003,45.999983],[-116.678997,45.807359],[-116.511255,45.726408],[-116.457796,45.574531],[-116.558875,45.444358],[-116.693285,45.186648],[-116.836145,44.863851],[-117.051532,44.665956],[-117.192299,44.438942],[-117.194391,44.279132],[-117.007607,44.21141],[-116.926656,44.081211],[-117.013963,43.797069],[-117.028252,42.000021],[-117.028252,41.997359],[-119.998976,41.992605],[-124.213809,41.999478],[-124.53284,42.76599],[-124.14214,43.70838],[-123.89893,45.52341],[-123.998676,46.283069],[-123.776704,46.282033],[-123.471373,46.277253],[-123.228494,46.186251],[-122.937969,46.129097],[-122.752244,45.938075],[-122.725786,45.770333],[-122.651708,45.630083],[-122.420456,45.591998],[-122.174915,45.59515],[-121.788091,45.700983],[-121.561077,45.732764],[-121.203889,45.689899],[-121.046741,45.637499],[-120.837193,45.672949],[-120.609636,45.7539],[-120.158268,45.740671],[-119.787309,45.850768],[-119.59205,45.932235],[-119.337,45.888336],[-118.978236,45.992568],[-116.915003,45.999983]]]}},{"type":"Feature","properties":{"id":"us-ut","name":"Utah","country":"us","iso3166_2":"US-UT","postal":"UT"},"geometry":{"type":"Polygon","coordinates":[[[-114.034223,41.993122],[-111.050245,42.001597],[-111.054482,41.027935],[-109.053183,41.001994],[-109.045225,36.999912],[-110.496221,37.007328],[-112.417603,37.009421],[-114.030528,36.994099],[-114.034223,41.993122]]]}},{"type":"Feature","properties":{"id":"us-wy","name":"Wyoming","country":"us","iso3166_2":"US-WY","postal":"WY"},"geometry":{"type":"Polygon","coordinates":[[[-111.085178,44.506147],[-111.067194,44.541597],[-111.071406,45.049602],[-109.102379,45.057018],[-107.546634,45.045881],[-105.745891,45.051178],[-104.077957,45.04061],[-104.052558,43.00014],[-104.045142,41.004112],[-105.046864,41.003596],[-107.049739,41.002536],[-108.050944,41.002536],[-109.053183,41.001994],[-111.054482,41.027935],[-111.050245,42.001597],[-111.049728,44.488163],[-111.085178,44.506147]]]}},{"type":"Feature","properties":{"id":"us-ar","name":"Arkansas","country":"us","iso3166_2":"US-AR","postal":"AR"},"geometry":{"type":"Polygon","coordinates":[[[-89.662919,36.023073],[-89.673513,35.940003],[-89.775109,35.799236],[-89.950266,35.701878],[-89.988894,35.536229],[-90.147102,35.404997],[-90.134932,35.113955],[-90.24924,35.020834],[-90.268283,34.941459],[-90.446618,34.866838],[-90.450313,34.72186],[-90.584207,34.454099],[-90.699549,34.397461],[-90.876308,34.261475],[-90.982141,34.055105],[-91.200681,33.706393],[-91.223444,33.469327],[-91.108077,33.206836],[-91.156239,33.010001],[-92.001304,33.043875],[-93.094028,33.010518],[-94.059757,33.01212],[-94.002086,33.579914],[-94.233338,33.583609],[-94.427538,33.57038],[-94.479912,33.635983],[-94.451361,34.51071],[-94.430174,35.483312],[-94.628611,36.540586],[-93.412587,36.526298],[-92.307177,36.523662],[-91.251479,36.523146],[-90.112194,36.461754],[-90.029099,36.337937],[-90.141805,36.230502],[-90.253995,36.12255],[-90.315386,36.023073],[-89.662919,36.023073]]]}},{"type":"Feature","properties":{"id":"us-ia","name":"Iowa","country":"us","iso3166_2":"US-IA","postal":"IA"},"geometry":{"type":"Polygon","coordinates":[[[-96.45266,43.501789],[-95.359936,43.500187],[-94.001027,43.513417],[-92.540005,43.519773],[-91.228199,43.501247],[-91.21391,43.446754],[-91.083737,43.288004],[-91.173163,43.212324],[-91.169985,43.002233],[-91.129238,42.912833],[-91.064694,42.754083],[-90.738177,42.658275],[-90.640818,42.505364],[-90.582605,42.429168],[-90.464602,42.37837],[-90.416982,42.270418],[-90.259808,42.189983],[-90.156636,42.103735],[-90.21007,41.834914],[-90.395278,41.608417],[-90.461966,41.536457],[-90.690557,41.478786],[-91.033999,41.429565],[-91.123425,41.257585],[-90.999065,41.179812],[-90.956742,41.024757],[-91.087432,40.851719],[-91.15412,40.699842],[-91.410229,40.551143],[-91.430331,40.368596],[-91.567403,40.452208],[-91.758425,40.61411],[-92.851665,40.592432],[-94.002086,40.585017],[-94.898491,40.58344],[-95.796499,40.583957],[-95.862102,40.764928],[-95.834067,40.943806],[-95.855746,41.116302],[-95.958427,41.404708],[-96.025089,41.524287],[-96.097049,41.556559],[-96.104464,41.787811],[-96.167432,41.953434],[-96.348945,42.141821],[-96.346827,42.224374],[-96.410311,42.38948],[-96.455296,42.488957],[-96.453719,42.580502],[-96.615648,42.691632],[-96.535213,42.855679],[-96.483356,43.016005],[-96.459533,43.1245],[-96.58707,43.257308],[-96.586011,43.501247],[-96.45266,43.501789]]]}},{"type":"Feature","properties":{"id":"us-ks","name":"Kansas","country":"us","iso3166_2":"US-KS","postal":"KS"},"geometry":{"type":"Polygon","coordinates":[[[-102.041182,36.99198],[-102.040123,38.459875],[-102.050174,40.000815],[-102.048055,40.000815],[-100.300229,40.000815],[-99.000076,40.000815],[-96.699777,40.001357],[-95.322884,40.001357],[-95.085302,39.868006],[-94.955103,39.870125],[-94.926552,39.725121],[-95.067292,39.539912],[-94.991096,39.444673],[-94.867796,39.234582],[-94.604814,39.139859],[-94.615382,38.068839],[-94.622798,36.999912],[-95.50016,36.998853],[-97.299844,36.997277],[-99.10007,36.995158],[-100.100215,36.994099],[-101.099792,36.993039],[-102.041182,36.99198]]]}},{"type":"Feature","properties":{"id":"us-mo","name":"Missouri","country":"us","iso3166_2":"US-MO","postal":"MO"},"geometry":{"type":"Polygon","coordinates":[[[-89.662919,36.023073],[-90.315386,36.023073],[-90.253995,36.12255],[-90.141805,36.230502],[-90.029099,36.337937],[-90.112194,36.461754],[-91.251479,36.523146],[-92.307177,36.523662],[-93.412587,36.526298],[-94.628611,36.540586],[-94.617501,36.999912],[-94.622798,36.999912],[-94.615382,38.068839],[-94.604814,39.139859],[-94.867796,39.234582],[-94.991096,39.444673],[-95.067292,39.539912],[-94.926552,39.725121],[-94.955103,39.870125],[-95.085302,39.868006],[-95.322884,40.001357],[-95.45254,40.215143],[-95.608112,40.343171],[-95.776371,40.501404],[-95.796499,40.583957],[-94.898491,40.58344],[-94.002086,40.585017],[-92.851665,40.592432],[-91.758425,40.61411],[-91.567403,40.452208],[-91.430331,40.368596],[-91.517638,40.119877],[-91.428212,39.820903],[-91.262589,39.61505],[-91.071567,39.44519],[-90.841375,39.310779],[-90.749287,39.265278],[-90.665701,39.074773],[-90.64981,38.907548],[-90.535528,38.865768],[-90.346599,38.930311],[-90.156094,38.769443],[-90.212731,38.584777],[-90.305335,38.439256],[-90.369879,38.263556],[-90.228079,38.113281],[-90.030158,37.971998],[-89.916909,37.968277],[-89.654987,37.748678],[-89.553908,37.719042],[-89.479287,37.477222],[-89.516339,37.326921],[-89.388285,37.081406],[-89.280333,37.107348],[-89.103057,36.952293],[-89.13427,36.851756],[-89.115227,36.694582],[-89.273977,36.611512],[-89.498356,36.506196],[-89.524272,36.409354],[-89.585121,36.267011],[-89.662919,36.023073]]]}},{"type":"Feature","properties":{"id":"us-ne","name":"Nebraska","country":"us","iso3166_2":"US-NE","postal":"NE"},"geometry":{"type":"Polygon","coordinates":[[[-102.050174,40.000815],[-102.050174,40.033086],[-102.048055,41.004112],[-104.045142,41.004112],[-104.052558,43.00014],[-102.099912,43.00014],[-100.599745,43.00014],[-98.594183,43.00014],[-98.335956,42.873662],[-97.968201,42.794287],[-97.881927,42.839789],[-97.644344,42.836094],[-97.287157,42.846145],[-97.028387,42.717548],[-96.75427,42.633961],[-96.708768,42.550866],[-96.623037,42.502729],[-96.455296,42.488957],[-96.410311,42.38948],[-96.346827,42.224374],[-96.348945,42.141821],[-96.167432,41.953434],[-96.104464,41.787811],[-96.097049,41.556559],[-96.025089,41.524287],[-95.958427,41.404708],[-95.855746,41.116302],[-95.834067,40.943806],[-95.862102,40.764928],[-95.796499,40.583957],[-95.776371,40.501404],[-95.608112,40.343171],[-95.45254,40.215143],[-95.322884,40.001357],[-96.699777,40.001357],[-99.000076,40.000815],[-100.300229,40.000815],[-102.048055,40.000815],[-102.050174,40.000815]]]}},{"type":"Feature","properties":{"id":"us-ok","name":"Oklahoma","country":"us","iso3166_2":"US-OK","postal":"OK"},"geometry":{"type":"Polygon","coordinates":[[[-103.003216,36.995158],[-102.041182,36.99198],[-101.099792,36.993039],[-100.100215,36.994099],[-99.10007,36.995158],[-97.299844,36.997277],[-95.50016,36.998853],[-94.622798,36.999912],[-94.617501,36.999912],[-94.628611,36.540586],[-94.430174,35.483312],[-94.451361,34.51071],[-94.479912,33.635983],[-94.910144,33.831785],[-95.190592,33.938161],[-95.418124,33.870414],[-95.769498,33.881007],[-95.977469,33.879431],[-96.148906,33.797937],[-96.316131,33.756131],[-96.462711,33.805327],[-96.796618,33.751351],[-96.947953,33.918059],[-97.104067,33.773598],[-97.376583,33.838142],[-97.657031,33.993713],[-97.95709,33.893694],[-98.088323,34.13448],[-98.553979,34.110657],[-98.851893,34.164633],[-99.187403,34.235559],[-99.336076,34.442963],[-99.599083,34.3763],[-99.761528,34.457794],[-100.000195,34.565229],[-100.000195,35.519848],[-100.000195,36.499323],[-101.000832,36.499323],[-102.001495,36.499323],[-103.001614,36.499323],[-103.003216,36.995158]]]}},{"type":"Feature","properties":{"id":"us-sd","name":"South Dakota","country":"us","iso3166_2":"US-SD","postal":"SD"},"geometry":{"type":"Polygon","coordinates":[[[-96.539451,46.017967],[-96.556891,45.872446],[-96.780728,45.760799],[-96.834704,45.625329],[-96.735769,45.470817],[-96.560612,45.393018],[-96.439431,44.435763],[-96.45266,43.501789],[-96.586011,43.501247],[-96.58707,43.257308],[-96.459533,43.1245],[-96.483356,43.016005],[-96.535213,42.855679],[-96.615648,42.691632],[-96.453719,42.580502],[-96.455296,42.488957],[-96.623037,42.502729],[-96.708768,42.550866],[-96.75427,42.633961],[-97.028387,42.717548],[-97.287157,42.846145],[-97.644344,42.836094],[-97.881927,42.839789],[-97.968201,42.794287],[-98.335956,42.873662],[-98.594183,43.00014],[-100.599745,43.00014],[-102.099912,43.00014],[-104.052558,43.00014],[-104.077957,45.04061],[-104.026616,45.956601],[-102.116862,45.961355],[-100.066858,45.965567],[-98.441789,45.963448],[-96.539451,46.017967]]]}},{"type":"Feature","properties":{"id":"us-la","name":"Louisiana","country":"us","iso3166_2":"US-LA","postal":"LA"},"geometry":{"type":"Polygon","coordinates":[[[-94.059757,33.01212],[-93.094028,33.010518],[-92.001304,33.043875],[-91.156239,33.010001],[-91.084797,32.952847],[-91.175799,32.808385],[-91.03082,32.602532],[-91.072084,32.478716],[-90.942971,32.306736],[-91.081618,32.204598],[-91.128179,32.015695],[-91.32132,31.85958],[-91.411288,31.650032],[-91.50229,31.408729],[-91.624531,31.297082],[-91.583784,31.04733],[-90.701667,31.015575],[-89.759219,31.013456],[-89.787796,30.847291],[-89.853941,30.683244],[-89.790457,30.556791],[-89.658682,30.440881],[-89.623232,30.275258],[-89.604706,30.176298],[-89.593929,30.160378],[-89.593831,30.159994],[-89.593702,30.160043],[-89.413735,29.89419],[-89.43,29.48864],[-89.21767,29.29108],[-89.408387,29.159771],[-89.77928,29.30714],[-90.15463,29.11743],[-90.880225,29.148535],[-91.626785,29.677],[-92.49906,29.5523],[-93.22637,29.78375],[-93.84842,29.71363],[-93.918474,29.821772],[-93.816878,29.968352],[-93.66712,30.100644],[-93.664484,30.30014],[-93.737503,30.366803],[-93.650195,30.605471],[-93.586168,30.71394],[-93.489844,31.079602],[-93.578236,31.216131],[-93.69412,31.443662],[-93.779309,31.675431],[-93.834861,31.829944],[-93.998908,31.94265],[-94.059757,33.01212]]]}},{"type":"Feature","properties":{"id":"us-tx","name":"Texas","country":"us","iso3166_2":"US-TX","postal":"TX"},"geometry":{"type":"Polygon","coordinates":[[[-106.507344,31.754289],[-106.619533,31.914099],[-106.630127,31.999287],[-105.730001,31.999287],[-103.929775,31.999287],[-103.001614,31.999287],[-103.001614,33.879948],[-103.001614,36.499323],[-102.001495,36.499323],[-101.000832,36.499323],[-100.000195,36.499323],[-100.000195,35.519848],[-100.000195,34.565229],[-99.761528,34.457794],[-99.599083,34.3763],[-99.336076,34.442963],[-99.187403,34.235559],[-98.851893,34.164633],[-98.553979,34.110657],[-98.088323,34.13448],[-97.95709,33.893694],[-97.657031,33.993713],[-97.376583,33.838142],[-97.104067,33.773598],[-96.947953,33.918059],[-96.796618,33.751351],[-96.462711,33.805327],[-96.316131,33.756131],[-96.148906,33.797937],[-95.977469,33.879431],[-95.769498,33.881007],[-95.418124,33.870414],[-95.190592,33.938161],[-94.910144,33.831785],[-94.479912,33.635983],[-94.427538,33.57038],[-94.233338,33.583609],[-94.002086,33.579914],[-94.059757,33.01212],[-93.998908,31.94265],[-93.834861,31.829944],[-93.779309,31.675431],[-93.69412,31.443662],[-93.578236,31.216131],[-93.489844,31.079602],[-93.586168,30.71394],[-93.650195,30.605471],[-93.737503,30.366803],[-93.664484,30.30014],[-93.66712,30.100644],[-93.816878,29.968352],[-93.918474,29.821772],[-93.84842,29.71363],[-94.690003,29.479932],[-95.60018,28.738556],[-96.593943,28.307291],[-97.140034,27.829981],[-97.370227,27.38019],[-97.379761,26.690154],[-97.330023,26.210209],[-97.140034,25.869946],[-97.530036,25.839793],[-98.240174,26.059934],[-99.020178,26.370019],[-99.300109,26.839912],[-99.520225,27.539999],[-100.110266,28.109912],[-100.455801,28.696233],[-100.95745,29.380972],[-101.66229,29.779423],[-102.479863,29.759863],[-103.110109,28.969808],[-103.939826,29.269842],[-104.456823,29.571994],[-104.705541,30.121805],[-105.03733,30.644099],[-105.631583,31.083839],[-106.142766,31.399737],[-106.507344,31.754289]]]}},{"type":"Feature","properties":{"id":"us-ct","name":"Connecticut","country":"us","iso3166_2":"US-CT","postal":"CT"},"geometry":{"type":"Polygon","coordinates":[[[-73.497937,42.054513],[-72.732222,42.035987],[-71.800909,42.01325],[-71.792951,41.466617],[-71.853826,41.320036],[-72.295142,41.269755],[-72.876166,41.220559],[-73.647887,40.953239],[-73.648269,40.954623],[-73.647887,40.954769],[-73.656687,40.98507],[-73.69268,41.10731],[-73.475174,41.204669],[-73.553489,41.289857],[-73.497937,42.054513]]]}},{"type":"Feature","properties":{"id":"us-ma","name":"Massachusetts","country":"us","iso3166_2":"US-MA","postal":"MA"},"geometry":{"type":"Polygon","coordinates":[[[-71.800909,42.01325],[-72.732222,42.035987],[-73.497937,42.054513],[-73.282033,42.743489],[-72.45707,42.727082],[-71.248979,42.718091],[-71.145781,42.816508],[-70.933598,42.884256],[-70.815052,42.865187],[-70.825103,42.334961],[-70.494916,41.804735],[-70.080058,41.779879],[-70.184832,42.144999],[-69.884799,41.922764],[-69.965207,41.636994],[-70.639895,41.475066],[-71.120382,41.494651],[-71.1479,41.647587],[-71.305074,41.762412],[-71.379152,42.02436],[-71.800909,42.01325]]]}},{"type":"Feature","properties":{"id":"us-nh","name":"New Hampshire","country":"us","iso3166_2":"US-NH","postal":"NH"},"geometry":{"type":"Polygon","coordinates":[[[-70.815052,42.865187],[-70.933598,42.884256],[-71.145781,42.816508],[-71.248979,42.718091],[-72.45707,42.727082],[-72.537505,42.830797],[-72.458647,42.960453],[-72.434307,43.222918],[-72.403611,43.285369],[-72.369763,43.521892],[-72.260209,43.721388],[-72.178199,43.808696],[-72.059136,44.045761],[-72.036373,44.20663],[-72.003041,44.304014],[-71.809901,44.352151],[-71.585522,44.468035],[-71.546377,44.592395],[-71.620455,44.735797],[-71.503511,45.007796],[-71.505087,45.008312],[-71.405093,45.254912],[-71.08482,45.30524],[-70.944165,43.466339],[-70.98176,43.367896],[-70.797611,43.219739],[-70.751025,43.080032],[-70.645734,43.090083],[-70.815052,42.865187]]]}},{"type":"Feature","properties":{"id":"us-ri","name":"Rhode Island","country":"us","iso3166_2":"US-RI","postal":"RI"},"geometry":{"type":"Polygon","coordinates":[[[-71.853826,41.320036],[-71.792951,41.466617],[-71.800909,42.01325],[-71.379152,42.02436],[-71.305074,41.762412],[-71.1479,41.647587],[-71.120382,41.494651],[-71.853826,41.320036]]]}},{"type":"Feature","properties":{"id":"us-vt","name":"Vermont","country":"us","iso3166_2":"US-VT","postal":"VT"},"geometry":{"type":"Polygon","coordinates":[[[-72.45707,42.727082],[-73.282033,42.743489],[-73.23971,43.567935],[-73.383112,43.575351],[-73.401638,43.613436],[-73.338128,43.75844],[-73.429673,44.019846],[-73.329136,44.226732],[-73.384172,44.379152],[-73.407969,44.676007],[-73.368281,44.804604],[-73.347662,45.007253],[-71.505087,45.008312],[-71.503511,45.007796],[-71.620455,44.735797],[-71.546377,44.592395],[-71.585522,44.468035],[-71.809901,44.352151],[-72.003041,44.304014],[-72.036373,44.20663],[-72.059136,44.045761],[-72.178199,43.808696],[-72.260209,43.721388],[-72.369763,43.521892],[-72.403611,43.285369],[-72.434307,43.222918],[-72.458647,42.960453],[-72.537505,42.830797],[-72.45707,42.727082]]]}},{"type":"Feature","properties":{"id":"us-al","name":"Alabama","country":"us","iso3166_2":"US-AL","postal":"AL"},"geometry":{"type":"Polygon","coordinates":[[[-88.166964,34.999673],[-86.909677,34.99913],[-85.625388,34.985901],[-85.365559,33.744478],[-85.129553,32.750714],[-84.986151,32.437969],[-84.898843,32.259117],[-85.063924,32.083417],[-85.119502,31.7654],[-85.065526,31.577013],[-85.090382,31.40028],[-85.1179,31.236233],[-85.054415,31.108696],[-85.005193,30.990693],[-87.045663,30.984879],[-87.617153,30.927725],[-87.633043,30.851528],[-87.404969,30.608649],[-87.457886,30.411271],[-87.530388,30.274199],[-88.417802,30.384812],[-88.449531,31.91198],[-88.27334,33.510048],[-88.095522,34.805989],[-88.166964,34.999673]]]}},{"type":"Feature","properties":{"id":"us-fl","name":"Florida","country":"us","iso3166_2":"US-FL","postal":"FL"},"geometry":{"type":"Polygon","coordinates":[[[-87.530388,30.274199],[-87.457886,30.411271],[-87.404969,30.608649],[-87.633043,30.851528],[-87.617153,30.927725],[-87.045663,30.984879],[-85.005193,30.990693],[-84.853316,30.721355],[-83.8479,30.675311],[-82.226009,30.525553],[-82.151931,30.350938],[-82.022817,30.440364],[-82.020156,30.788018],[-81.899517,30.821892],[-81.701597,30.74833],[-81.490473,30.72983],[-81.31371,30.03552],[-80.979832,29.179899],[-80.535585,28.47213],[-80.53004,28.040072],[-80.056539,26.88],[-80.088015,26.205765],[-80.13156,25.816775],[-80.38103,25.20616],[-80.679799,25.079916],[-81.171913,25.201098],[-81.330121,25.639753],[-81.710072,25.869946],[-82.239781,26.729842],[-82.70515,27.49504],[-82.85526,27.88624],[-82.649885,28.55017],[-82.93,29.1],[-83.70959,29.93656],[-84.099797,30.09005],[-85.10882,29.63615],[-85.28784,29.68612],[-85.7731,30.15261],[-86.40007,30.40016],[-87.530388,30.274199]]]}},{"type":"Feature","properties":{"id":"us-ga","name":"Georgia","country":"us","iso3166_2":"US-GA","postal":"GA"},"geometry":{"type":"Polygon","coordinates":[[[-85.005193,30.990693],[-85.054415,31.108696],[-85.1179,31.236233],[-85.090382,31.40028],[-85.065526,31.577013],[-85.119502,31.7654],[-85.063924,32.083417],[-84.898843,32.259117],[-84.986151,32.437969],[-85.129553,32.750714],[-85.365559,33.744478],[-85.625388,34.985901],[-84.854376,34.976909],[-84.320972,34.98696],[-83.076371,34.979028],[-83.185925,34.895958],[-83.346251,34.706512],[-83.076371,34.540347],[-82.902815,34.479498],[-82.716548,34.163057],[-82.597485,33.985781],[-82.249289,33.748716],[-82.180508,33.624356],[-81.943442,33.461369],[-81.827015,33.223244],[-81.507397,33.021628],[-81.435954,32.793037],[-81.376707,32.68245],[-81.411098,32.608888],[-81.22483,32.49936],[-81.126412,32.312033],[-81.127988,32.121528],[-81.036443,32.084476],[-80.865007,32.033161],[-81.33629,31.44049],[-81.490473,30.72983],[-81.701597,30.74833],[-81.899517,30.821892],[-82.020156,30.788018],[-82.022817,30.440364],[-82.151931,30.350938],[-82.226009,30.525553],[-83.8479,30.675311],[-84.853316,30.721355],[-85.005193,30.990693]]]}},{"type":"Feature","properties":{"id":"us-ms","name":"Mississippi","country":"us","iso3166_2":"US-MS","postal":"MS"},"geometry":{"type":"Polygon","coordinates":[[[-91.156239,33.010001],[-91.108077,33.206836],[-91.223444,33.469327],[-91.200681,33.706393],[-90.982141,34.055105],[-90.876308,34.261475],[-90.699549,34.397461],[-90.584207,34.454099],[-90.450313,34.72186],[-90.446618,34.866838],[-90.268283,34.941459],[-90.24924,35.020834],[-89.263926,35.021351],[-88.166964,34.999673],[-88.095522,34.805989],[-88.27334,33.510048],[-88.449531,31.91198],[-88.417802,30.384812],[-89.18049,30.31598],[-89.593702,30.160043],[-89.593831,30.159994],[-89.593929,30.160378],[-89.604706,30.176298],[-89.623232,30.275258],[-89.658682,30.440881],[-89.790457,30.556791],[-89.853941,30.683244],[-89.787796,30.847291],[-89.759219,31.013456],[-90.701667,31.015575],[-91.583784,31.04733],[-91.624531,31.297082],[-91.50229,31.408729],[-91.411288,31.650032],[-91.32132,31.85958],[-91.128179,32.015695],[-91.081618,32.204598],[-90.942971,32.306736],[-91.072084,32.478716],[-91.03082,32.602532],[-91.175799,32.808385],[-91.084797,32.952847],[-91.156239,33.010001]]]}},{"type":"Feature","properties":{"id":"us-sc","name":"South Carolina","country":"us","iso3166_2":"US-SC","postal":"SC"},"geometry":{"type":"Polygon","coordinates":[[[-80.865007,32.033161],[-81.036443,32.084476],[-81.127988,32.121528],[-81.126412,32.312033],[-81.22483,32.49936],[-81.411098,32.608888],[-81.376707,32.68245],[-81.435954,32.793037],[-81.507397,33.021628],[-81.827015,33.223244],[-81.943442,33.461369],[-82.180508,33.624356],[-82.249289,33.748716],[-82.597485,33.985781],[-82.716548,34.163057],[-82.902815,34.479498],[-83.076371,34.540347],[-83.346251,34.706512],[-83.185925,34.895958],[-83.076371,34.979028],[-82.976377,35.008664],[-82.436616,35.180101],[-81.51427,35.171652],[-81.045978,35.125608],[-81.03802,35.037242],[-80.937483,35.103387],[-80.780852,34.934044],[-80.783513,34.817643],[-79.67278,34.807566],[-78.554114,33.861422],[-79.06067,33.49395],[-79.20357,33.15839],[-80.301325,32.509355],[-80.865007,32.033161]]]}},{"type":"Feature","properties":{"id":"us-il","name":"Illinois","country":"us","iso3166_2":"US-IL","postal":"IL"},"geometry":{"type":"Polygon","coordinates":[[[-91.430331,40.368596],[-91.410229,40.551143],[-91.15412,40.699842],[-91.087432,40.851719],[-90.956742,41.024757],[-90.999065,41.179812],[-91.123425,41.257585],[-91.033999,41.429565],[-90.690557,41.478786],[-90.461966,41.536457],[-90.395278,41.608417],[-90.21007,41.834914],[-90.156636,42.103735],[-90.259808,42.189983],[-90.416982,42.270418],[-90.464602,42.37837],[-90.582605,42.429168],[-90.640818,42.505364],[-89.620054,42.505364],[-88.576552,42.503246],[-87.806599,42.494254],[-87.806599,42.49689],[-87.489641,42.495313],[-87.039307,42.492652],[-87.084808,42.309562],[-87.130335,42.127015],[-87.175836,41.9439],[-87.221337,41.760836],[-87.371638,41.760836],[-87.520854,41.760836],[-87.521371,41.708436],[-87.526151,41.708436],[-87.52721,40.550083],[-87.528269,39.392273],[-87.642035,39.113944],[-87.559999,39.040382],[-87.507082,38.869462],[-87.51504,38.735052],[-87.598653,38.674203],[-87.671129,38.50858],[-87.878558,38.290557],[-88.018808,38.021736],[-88.05108,37.819604],[-88.044207,37.744983],[-88.15743,37.605819],[-88.071725,37.511612],[-88.247399,37.438594],[-88.473871,37.354981],[-88.435242,37.136442],[-88.566475,37.053888],[-88.807778,37.146493],[-89.073963,37.200469],[-89.141685,37.103627],[-89.103057,36.952293],[-89.280333,37.107348],[-89.388285,37.081406],[-89.516339,37.326921],[-89.479287,37.477222],[-89.553908,37.719042],[-89.654987,37.748678],[-89.916909,37.968277],[-90.030158,37.971998],[-90.228079,38.113281],[-90.369879,38.263556],[-90.305335,38.439256],[-90.212731,38.584777],[-90.156094,38.769443],[-90.346599,38.930311],[-90.535528,38.865768],[-90.64981,38.907548],[-90.665701,39.074773],[-90.749287,39.265278],[-90.841375,39.310779],[-91.071567,39.44519],[-91.262589,39.61505],[-91.428212,39.820903],[-91.517638,40.119877],[-91.430331,40.368596]]]}},{"type":"Feature","properties":{"id":"us-in","name":"Indiana","country":"us","iso3166_2":"US-IN","postal":"IN"},"geometry":{"type":"Polygon","coordinates":[[[-88.05108,37.819604],[-88.018808,38.021736],[-87.878558,38.290557],[-87.671129,38.50858],[-87.598653,38.674203],[-87.51504,38.735052],[-87.507082,38.869462],[-87.559999,39.040382],[-87.642035,39.113944],[-87.528269,39.392273],[-87.52721,40.550083],[-87.526151,41.708436],[-87.521371,41.708436],[-87.520854,41.760836],[-87.371638,41.760836],[-87.221337,41.760836],[-86.918126,41.760836],[-86.824462,41.760836],[-86.824462,41.756056],[-85.748146,41.751302],[-84.807299,41.756056],[-84.806756,41.677741],[-84.809934,40.77286],[-84.817866,39.799742],[-84.82368,39.106528],[-84.881377,39.059425],[-84.799883,38.855174],[-84.843265,38.781096],[-85.01155,38.779494],[-85.167638,38.691127],[-85.404187,38.72712],[-85.425891,38.535038],[-85.566632,38.461994],[-85.698407,38.290015],[-85.83969,38.258802],[-86.059832,37.960887],[-86.262507,38.046619],[-86.325475,38.169376],[-86.499573,37.969879],[-86.61016,37.858749],[-86.825522,37.976235],[-87.055714,37.88097],[-87.131394,37.783611],[-87.43936,37.936005],[-87.653662,37.826477],[-87.911373,37.90425],[-87.921424,37.793662],[-88.05108,37.819604]]]}},{"type":"Feature","properties":{"id":"us-ky","name":"Kentucky","country":"us","iso3166_2":"US-KY","postal":"KY"},"geometry":{"type":"Polygon","coordinates":[[[-89.498356,36.506196],[-89.273977,36.611512],[-89.115227,36.694582],[-89.13427,36.851756],[-89.103057,36.952293],[-89.141685,37.103627],[-89.073963,37.200469],[-88.807778,37.146493],[-88.566475,37.053888],[-88.435242,37.136442],[-88.473871,37.354981],[-88.247399,37.438594],[-88.071725,37.511612],[-88.15743,37.605819],[-88.044207,37.744983],[-88.05108,37.819604],[-87.921424,37.793662],[-87.911373,37.90425],[-87.653662,37.826477],[-87.43936,37.936005],[-87.131394,37.783611],[-87.055714,37.88097],[-86.825522,37.976235],[-86.61016,37.858749],[-86.499573,37.969879],[-86.325475,38.169376],[-86.262507,38.046619],[-86.059832,37.960887],[-85.83969,38.258802],[-85.698407,38.290015],[-85.566632,38.461994],[-85.425891,38.535038],[-85.404187,38.72712],[-85.167638,38.691127],[-85.01155,38.779494],[-84.843265,38.781096],[-84.799883,38.855174],[-84.881377,39.059425],[-84.82368,39.106528],[-84.481324,39.083248],[-84.30459,38.986923],[-84.038948,38.760994],[-83.826738,38.690068],[-83.672742,38.609117],[-83.434617,38.637151],[-83.258943,38.57948],[-83.044641,38.634515],[-82.855195,38.65144],[-82.775278,38.511216],[-82.58901,38.415433],[-82.569967,38.320194],[-82.580561,38.113281],[-82.461499,37.957167],[-82.413336,37.805315],[-82.267299,37.675659],[-82.167279,37.554478],[-81.972536,37.535952],[-82.07539,37.459358],[-82.372589,37.238039],[-82.684792,37.121096],[-82.684792,37.121094],[-82.684792,37.121094],[-82.709132,37.040143],[-82.815508,36.934828],[-83.073353,36.822609],[-83.089083,36.815763],[-83.099483,36.804438],[-83.178509,36.718382],[-83.330592,36.672661],[-83.384362,36.656497],[-83.673285,36.599859],[-84.350091,36.567045],[-85.231149,36.60991],[-85.519012,36.597741],[-86.092621,36.625775],[-86.677882,36.633733],[-87.216583,36.639004],[-87.842049,36.61097],[-87.874346,36.656497],[-88.072784,36.654378],[-88.069606,36.497204],[-89.498356,36.506196]]]}},{"type":"Feature","properties":{"id":"us-nc","name":"North Carolina","country":"us","iso3166_2":"US-NC","postal":"NC"},"geometry":{"type":"Polygon","coordinates":[[[-83.076371,34.979028],[-84.320972,34.98696],[-84.298751,35.198627],[-84.087084,35.261595],[-84.01776,35.369004],[-83.87596,35.490211],[-83.673285,35.51667],[-83.438338,35.562687],[-83.209722,35.648961],[-83.110787,35.737328],[-82.920282,35.81722],[-82.925579,35.889722],[-82.674225,36.025192],[-82.593248,35.937342],[-82.22389,36.125728],[-82.051394,36.106143],[-81.897399,36.27391],[-81.693664,36.317293],[-81.704775,36.460152],[-81.679376,36.585571],[-82.069901,36.570483],[-81.679375,36.585573],[-79.992397,36.542189],[-77.999548,36.537436],[-76.941216,36.545885],[-75.993247,36.550562],[-75.868077,36.55118],[-75.868077,36.55118],[-75.72731,35.550518],[-76.36337,34.808625],[-77.397635,34.51201],[-78.05496,33.92547],[-78.554114,33.861422],[-79.67278,34.807566],[-80.783513,34.817643],[-80.780852,34.934044],[-80.937483,35.103387],[-81.03802,35.037242],[-81.045978,35.125608],[-81.51427,35.171652],[-82.436616,35.180101],[-82.976377,35.008664],[-83.076371,34.979028]]]}},{"type":"Feature","properties":{"id":"us-oh","name":"Ohio","country":"us","iso3166_2":"US-OH","postal":"OH"},"geometry":{"type":"Polygon","coordinates":[[[-84.82368,39.106528],[-84.817866,39.799742],[-84.809934,40.77286],[-84.806756,41.677741],[-84.295056,41.685156],[-83.839967,41.685156],[-83.462678,41.694148],[-83.142,41.975681],[-83.121898,41.949739],[-83.02981,41.832796],[-82.866306,41.752878],[-82.690089,41.675105],[-82.439278,41.675105],[-82.213323,41.77882],[-81.974138,41.88889],[-81.76087,41.986791],[-81.507397,42.103735],[-81.277747,42.209026],[-81.027969,42.247137],[-80.682434,42.299511],[-80.520506,42.324394],[-80.516268,42.32491],[-80.516268,42.324394],[-80.51893,40.641111],[-80.657552,40.59083],[-80.615229,40.463835],[-80.661789,40.233643],[-80.764987,39.973297],[-80.861829,39.757393],[-80.878753,39.654221],[-81.150752,39.426147],[-81.266094,39.377442],[-81.401047,39.349407],[-81.522228,39.371628],[-81.745005,39.199649],[-81.785752,39.019221],[-81.816964,38.921836],[-81.905874,38.882149],[-81.91856,38.993796],[-82.05403,39.018161],[-82.194797,38.801198],[-82.210661,38.57948],[-82.340834,38.440832],[-82.58901,38.415433],[-82.775278,38.511216],[-82.855195,38.65144],[-83.044641,38.634515],[-83.258943,38.57948],[-83.434617,38.637151],[-83.672742,38.609117],[-83.826738,38.690068],[-84.038948,38.760994],[-84.30459,38.986923],[-84.481324,39.083248],[-84.82368,39.106528]]]}},{"type":"Feature","properties":{"id":"us-tn","name":"Tennessee","country":"us","iso3166_2":"US-TN","postal":"TN"},"geometry":{"type":"Polygon","coordinates":[[[-90.24924,35.020834],[-90.134932,35.113955],[-90.147102,35.404997],[-89.988894,35.536229],[-89.950266,35.701878],[-89.775109,35.799236],[-89.673513,35.940003],[-89.662919,36.023073],[-89.585121,36.267011],[-89.524272,36.409354],[-89.498356,36.506196],[-88.069606,36.497204],[-88.072784,36.654378],[-87.874346,36.656497],[-87.842049,36.61097],[-87.216583,36.639004],[-86.677882,36.633733],[-86.092621,36.625775],[-85.519012,36.597741],[-85.231149,36.60991],[-84.350091,36.567045],[-83.673285,36.599859],[-83.384362,36.656497],[-83.330592,36.672661],[-83.384361,36.656496],[-83.673284,36.599859],[-82.186322,36.565985],[-82.069901,36.570483],[-81.679376,36.585571],[-81.704775,36.460152],[-81.693664,36.317293],[-81.897399,36.27391],[-82.051394,36.106143],[-82.22389,36.125728],[-82.593248,35.937342],[-82.674225,36.025192],[-82.925579,35.889722],[-82.920282,35.81722],[-83.110787,35.737328],[-83.209722,35.648961],[-83.438338,35.562687],[-83.673285,35.51667],[-83.87596,35.490211],[-84.01776,35.369004],[-84.087084,35.261595],[-84.298751,35.198627],[-84.320972,34.98696],[-84.854376,34.976909],[-85.625388,34.985901],[-86.909677,34.99913],[-88.166964,34.999673],[-89.263926,35.021351],[-90.24924,35.020834]]]}},{"type":"Feature","properties":{"id":"us-va","name":"Virginia","country":"us","iso3166_2":"US-VA","postal":"VA"},"geometry":{"type":"MultiPolygon","coordinates":[[[[-83.330592,36.672661],[-83.178509,36.718382],[-83.099483,36.804438],[-83.089083,36.815763],[-83.073353,36.822609],[-82.815508,36.934828],[-82.709132,37.040143],[-82.684792,37.121094],[-82.684792,37.121094],[-82.684792,37.121096],[-82.372589,37.238039],[-82.07539,37.459358],[-81.972536,37.535952],[-81.928094,37.366092],[-81.838742,37.294355],[-81.815388,37.275606],[-81.663511,37.195173],[-81.433434,37.283199],[-81.34813,37.315836],[-81.348129,37.315836],[-81.348129,37.315836],[-81.228008,37.245455],[-80.915318,37.315532],[-80.85493,37.329065],[-80.84167,37.383765],[-80.833252,37.418493],[-80.720003,37.383043],[-80.602941,37.452077],[-80.596186,37.45606],[-80.596186,37.45606],[-80.596186,37.45606],[-80.456995,37.441774],[-80.298245,37.519029],[-80.285779,37.571673],[-80.276568,37.610574],[-80.292975,37.728059],[-80.292974,37.728059],[-80.292974,37.72806],[-80.157505,37.901098],[-79.964363,38.03179],[-79.915142,38.179427],[-79.818919,38.279203],[-79.743679,38.357221],[-79.647924,38.574726],[-79.647923,38.574726],[-79.647923,38.574728],[-79.515089,38.497446],[-79.36639,38.426027],[-79.222988,38.464632],[-79.174826,38.555658],[-79.076408,38.680017],[-79.007355,38.768127],[-78.965278,38.821817],[-78.965277,38.821816],[-78.965277,38.821817],[-78.892801,38.780039],[-78.744619,38.909151],[-78.629936,38.985707],[-78.548843,39.03984],[-78.51355,39.068071],[-78.424484,39.139318],[-78.362314,39.349171],[-78.345626,39.405502],[-78.345626,39.405502],[-78.345625,39.405504],[-77.881075,39.159017],[-77.834985,39.134562],[-77.722796,39.322432],[-77.69583,39.316201],[-77.576216,39.288561],[-77.443407,39.213423],[-77.443408,39.213421],[-77.443407,39.213421],[-77.500882,39.12948],[-77.516968,39.105986],[-77.305819,39.045679],[-77.119551,38.934008],[-77.11955,38.934007],[-77.03648,38.848276],[-77.041235,38.789545],[-77.041235,38.789545],[-77.059217,38.708593],[-77.09807,38.687121],[-77.229622,38.614413],[-77.343387,38.391611],[-77.210579,38.337118],[-77.048107,38.380503],[-77.002253,38.269618],[-76.989895,38.239733],[-76.301619,37.917948],[-76.258739,36.966402],[-75.9718,36.897261],[-75.868076,36.55118],[-75.868077,36.55118],[-75.868077,36.55118],[-75.993247,36.550562],[-76.941216,36.545885],[-77.999548,36.537436],[-79.992397,36.542189],[-81.679375,36.585573],[-82.069901,36.570483],[-82.186322,36.565985],[-83.673284,36.599859],[-83.384361,36.656496],[-83.330592,36.672661]]],[[[-75.377541,38.01538],[-75.940035,37.216875],[-76.031063,37.256563],[-75.72205,37.93705],[-75.72205,37.937052],[-75.60985,38.000032],[-75.377539,38.015383],[-75.377541,38.01538]]]]}},{"type":"Feature","properties":{"id":"us-wi","name":"Wisconsin","country":"us","iso3166_2":"US-WI","postal":"WI"},"geometry":{"type":"Polygon","coordinates":[[[-91.228199,43.501247],[-91.254657,43.613979],[-91.257292,43.854739],[-91.28959,43.937293],[-91.627709,44.085449],[-91.879606,44.257428],[-91.949989,44.364838],[-92.062153,44.432585],[-92.385492,44.574928],[-92.505072,44.58392],[-92.796656,44.776027],[-92.766477,44.996143],[-92.765417,45.267082],[-92.689221,45.518436],[-92.899828,45.705763],[-92.756968,45.889912],[-92.5437,45.985695],[-92.296583,46.096282],[-92.264828,46.095223],[-92.274879,46.656145],[-92.011898,46.711723],[-91.964794,46.729706],[-91.840978,46.778385],[-91.716618,46.827607],[-91.592259,46.87626],[-91.468442,46.924966],[-91.264708,47.021265],[-91.060974,47.117047],[-90.857782,47.212829],[-90.654048,47.309128],[-90.47995,47.303857],[-90.305852,47.298018],[-90.131754,47.292747],[-89.957656,47.286907],[-90.01481,47.1996],[-90.071448,47.11175],[-90.128059,47.0239],[-90.185213,46.936076],[-90.241825,46.848226],[-90.298979,46.760919],[-90.35559,46.673069],[-90.395278,46.611677],[-90.410626,46.584185],[-90.39688,46.576253],[-90.334971,46.596872],[-90.333912,46.593694],[-90.176738,46.560879],[-90.096304,46.380994],[-89.22106,46.202116],[-88.644274,46.022204],[-88.361707,46.020628],[-88.166964,46.007916],[-88.111929,45.843352],[-87.875406,45.779842],[-87.787013,45.639618],[-87.847888,45.559183],[-87.893389,45.396713],[-87.673248,45.387747],[-87.747326,45.226878],[-87.613975,45.108875],[-87.612915,45.110451],[-87.459462,45.068128],[-87.419775,45.184012],[-87.244617,45.289846],[-87.115504,45.452291],[-86.942465,45.452291],[-86.774207,45.452291],[-86.481563,45.323177],[-86.2646,45.226878],[-86.401672,45.133214],[-86.536082,45.04167],[-86.714934,44.84641],[-86.822344,44.591335],[-86.918668,44.361685],[-87.032434,44.091288],[-87.083232,43.89019],[-87.141962,43.657878],[-87.14514,43.571088],[-87.155191,43.326632],[-87.113928,43.030294],[-87.079537,42.782118],[-87.039307,42.492652],[-87.489641,42.495313],[-87.806599,42.49689],[-87.806599,42.494254],[-88.576552,42.503246],[-89.620054,42.505364],[-90.640818,42.505364],[-90.738177,42.658275],[-91.064694,42.754083],[-91.129238,42.912833],[-91.169985,43.002233],[-91.173163,43.212324],[-91.083737,43.288004],[-91.21391,43.446754],[-91.228199,43.501247]]]}},{"type":"Feature","properties":{"id":"us-wv","name":"West Virginia","country":"us","iso3166_2":"US-WV","postal":"WV"},"geometry":{"type":"Polygon","coordinates":[[[-81.972536,37.535952],[-82.167279,37.554478],[-82.267299,37.675659],[-82.413336,37.805315],[-82.461499,37.957167],[-82.580561,38.113281],[-82.569967,38.320194],[-82.58901,38.415433],[-82.340834,38.440832],[-82.210661,38.57948],[-82.194797,38.801198],[-82.05403,39.018161],[-81.91856,38.993796],[-81.905874,38.882149],[-81.816964,38.921836],[-81.785752,39.019221],[-81.745005,39.199649],[-81.522228,39.371628],[-81.401047,39.349407],[-81.266094,39.377442],[-81.150752,39.426147],[-80.878753,39.654221],[-80.861829,39.757393],[-80.764987,39.973297],[-80.661789,40.233643],[-80.615229,40.463835],[-80.657552,40.59083],[-80.51893,40.641111],[-80.51893,39.720883],[-79.477521,39.720883],[-79.485995,39.213421],[-79.332516,39.302847],[-79.16108,39.418214],[-78.963159,39.457902],[-78.829291,39.56265],[-78.534012,39.522446],[-78.425001,39.596524],[-78.232403,39.672204],[-77.923352,39.592829],[-77.801654,39.449944],[-77.722796,39.322432],[-77.834985,39.134562],[-77.881075,39.159017],[-78.345625,39.405504],[-78.345626,39.405502],[-78.345626,39.405502],[-78.362314,39.349171],[-78.424484,39.139318],[-78.51355,39.068071],[-78.548843,39.03984],[-78.629936,38.985707],[-78.744619,38.909151],[-78.892801,38.780039],[-78.965277,38.821817],[-78.965277,38.821816],[-78.965278,38.821817],[-79.007355,38.768127],[-79.076408,38.680017],[-79.174826,38.555658],[-79.222988,38.464632],[-79.36639,38.426027],[-79.515089,38.497446],[-79.647923,38.574728],[-79.647923,38.574726],[-79.647924,38.574726],[-79.743679,38.357221],[-79.818919,38.279203],[-79.915142,38.179427],[-79.964363,38.03179],[-80.157505,37.901098],[-80.292974,37.72806],[-80.292974,37.728059],[-80.292975,37.728059],[-80.276568,37.610574],[-80.285779,37.571673],[-80.298245,37.519029],[-80.456995,37.441774],[-80.596186,37.45606],[-80.596186,37.45606],[-80.596186,37.45606],[-80.602941,37.452077],[-80.720003,37.383043],[-80.833252,37.418493],[-80.84167,37.383765],[-80.85493,37.329065],[-80.915318,37.315532],[-81.228008,37.245455],[-81.348129,37.315836],[-81.348129,37.315836],[-81.34813,37.315836],[-81.433434,37.283199],[-81.663511,37.195173],[-81.815388,37.275606],[-81.838742,37.294355],[-81.928094,37.366092],[-81.972536,37.535952]]]}},{"type":"Feature","properties":{"id":"us-de","name":"Delaware","country":"us","iso3166_2":"US-DE","postal":"DE"},"geometry":{"type":"Polygon","coordinates":[[[-75.048385,38.448765],[-75.714624,38.449307],[-75.787642,39.723545],[-75.710903,39.802377],[-75.62096,39.847361],[-75.405573,39.795504],[-75.554272,39.691247],[-75.527813,39.498649],[-75.319867,38.959948],[-75.071835,38.782032],[-75.048385,38.448765]]]}},{"type":"Feature","properties":{"id":"us-dc","name":"District of Columbia","country":"us","iso3166_2":"US-DC","postal":"DC"},"geometry":{"type":"Polygon","coordinates":[[[-77.041235,38.789545],[-77.041235,38.789545],[-77.03648,38.848276],[-77.11955,38.934007],[-77.0386,38.982169],[-76.911579,38.878454],[-77.041235,38.789545]]]}},{"type":"Feature","properties":{"id":"us-md","name":"Maryland","country":"us","iso3166_2":"US-MD","postal":"MD"},"geometry":{"type":"Polygon","coordinates":[[[-75.377541,38.01538],[-75.377539,38.015383],[-75.60985,38.000032],[-75.72205,37.937052],[-75.72205,37.93705],[-76.23287,38.319215],[-76.35,39.15],[-76.542725,38.717615],[-76.32933,38.08326],[-76.989895,38.239733],[-77.002253,38.269618],[-77.048107,38.380503],[-77.210579,38.337118],[-77.343387,38.391611],[-77.229622,38.614413],[-77.09807,38.687121],[-77.059217,38.708593],[-77.041235,38.789545],[-76.911579,38.878454],[-77.0386,38.982169],[-77.11955,38.934007],[-77.119551,38.934008],[-77.305819,39.045679],[-77.516968,39.105986],[-77.500882,39.12948],[-77.443407,39.213421],[-77.443408,39.213421],[-77.443407,39.213423],[-77.576216,39.288561],[-77.69583,39.316201],[-77.722796,39.322432],[-77.801654,39.449944],[-77.923352,39.592829],[-78.232403,39.672204],[-78.425001,39.596524],[-78.534012,39.522446],[-78.829291,39.56265],[-78.963159,39.457902],[-79.16108,39.418214],[-79.332516,39.302847],[-79.485995,39.213421],[-79.477521,39.720883],[-78.549903,39.719824],[-78.232919,39.7214],[-77.523299,39.725663],[-76.668183,39.720883],[-75.787642,39.723545],[-75.714624,38.449307],[-75.048385,38.448765],[-75.05673,38.40412],[-75.377538,38.01538],[-75.377541,38.01538]]]}},{"type":"Feature","properties":{"id":"us-nj","name":"New Jersey","country":"us","iso3166_2":"US-NJ","postal":"NJ"},"geometry":{"type":"Polygon","coordinates":[[[-75.527813,39.498649],[-75.554272,39.691247],[-75.405573,39.795504],[-75.200805,39.887049],[-75.12882,39.9495],[-74.891754,40.081791],[-74.763183,40.190777],[-75.078022,40.449547],[-75.095488,40.55538],[-75.203957,40.586619],[-75.199203,40.747461],[-75.082259,40.869702],[-75.135718,40.999875],[-74.975909,41.087725],[-74.801268,41.311561],[-74.679028,41.355486],[-73.912796,40.960187],[-73.952325,40.75075],[-74.256754,40.47337],[-73.96244,40.42763],[-74.178438,39.709256],[-74.906042,38.939303],[-74.980663,39.196497],[-75.200262,39.248354],[-75.527813,39.498649]]]}},{"type":"Feature","properties":{"id":"us-ny","name":"New York","country":"us","iso3166_2":"US-NY","postal":"NY"},"geometry":{"type":"Polygon","coordinates":[[[-73.497937,42.054513],[-73.553489,41.289857],[-73.475174,41.204669],[-73.69268,41.10731],[-73.656687,40.98507],[-73.647887,40.954769],[-73.648269,40.954623],[-73.71,40.931102],[-72.241166,41.11948],[-71.944828,40.930034],[-73.345001,40.630001],[-73.98212,40.627882],[-73.952325,40.75075],[-73.912796,40.960187],[-74.679028,41.355486],[-74.840439,41.426386],[-75.010816,41.49571],[-75.075386,41.641231],[-75.048928,41.751302],[-75.16799,41.841787],[-75.385471,41.998961],[-76.743837,42.000537],[-78.200648,42.000021],[-79.760087,42.000021],[-79.760087,42.500068],[-79.77304,42.546122],[-79.773257,42.546894],[-78.939362,42.863611],[-78.919777,42.965207],[-79.01,43.27],[-79.171674,43.466339],[-79.00233,43.527188],[-78.845699,43.583283],[-78.72028,43.625089],[-76.820034,43.628784],[-76.69676,43.784899],[-76.586147,43.924063],[-76.5,44.018459],[-76.375,44.09631],[-75.318265,44.816231],[-74.866898,45.00038],[-73.347662,45.007253],[-73.368281,44.804604],[-73.407969,44.676007],[-73.384172,44.379152],[-73.329136,44.226732],[-73.429673,44.019846],[-73.338128,43.75844],[-73.401638,43.613436],[-73.383112,43.575351],[-73.23971,43.567935],[-73.282033,42.743489],[-73.497937,42.054513]]]}},{"type":"Feature","properties":{"id":"us-pa","name":"Pennsylvania","country":"us","iso3166_2":"US-PA","postal":"PA"},"geometry":{"type":"Polygon","coordinates":[[[-80.51893,40.641111],[-80.516268,42.324394],[-80.516268,42.32491],[-80.247448,42.3662],[-79.77304,42.546122],[-79.760087,42.500068],[-79.760087,42.000021],[-78.200648,42.000021],[-76.743837,42.000537],[-75.385471,41.998961],[-75.16799,41.841787],[-75.048928,41.751302],[-75.075386,41.641231],[-75.010816,41.49571],[-74.840439,41.426386],[-74.679028,41.355486],[-74.801268,41.311561],[-74.975909,41.087725],[-75.135718,40.999875],[-75.082259,40.869702],[-75.199203,40.747461],[-75.203957,40.586619],[-75.095488,40.55538],[-75.078022,40.449547],[-74.763183,40.190777],[-74.891754,40.081791],[-75.12882,39.9495],[-75.200805,39.887049],[-75.405573,39.795504],[-75.62096,39.847361],[-75.710903,39.802377],[-75.787642,39.723545],[-76.668183,39.720883],[-77.523299,39.725663],[-78.232919,39.7214],[-78.549903,39.719824],[-79.477521,39.720883],[-80.51893,39.720883],[-80.51893,40.641111]]]}},{"type":"Feature","properties":{"id":"us-me","name":"Maine","country":"us","iso3166_2":"US-ME","postal":"ME"},"geometry":{"type":"Polygon","coordinates":[[[-70.645734,43.090083],[-70.751025,43.080032],[-70.797611,43.219739],[-70.98176,43.367896],[-70.944165,43.466339],[-71.08482,45.30524],[-70.660023,45.460223],[-70.304954,45.914795],[-70.00014,46.693171],[-69.237086,47.447776],[-68.904781,47.184795],[-68.234305,47.354629],[-67.790353,47.066249],[-67.791412,45.702585],[-67.137344,45.137452],[-66.96466,44.8097],[-68.03252,44.3252],[-69.06,43.98],[-70.11617,43.68405],[-70.645734,43.090083]]]}},{"type":"Feature","properties":{"id":"us-mi","name":"Michigan","country":"us","iso3166_2":"US-MI","postal":"MI"},"geometry":{"type":"Polygon","coordinates":[[[-89.957656,47.286907],[-89.842831,47.464726],[-89.728006,47.641976],[-89.613698,47.819252],[-89.522695,47.960535],[-89.490032,48.013406],[-89.488885,48.015263],[-89.272917,48.019808],[-89.18561,48.047326],[-88.378114,48.302918],[-87.494396,47.961595],[-87.208108,47.848372],[-86.921846,47.735123],[-86.672068,47.636162],[-86.495335,47.566838],[-86.428647,47.539838],[-86.234447,47.459946],[-86.040247,47.380054],[-85.846563,47.300136],[-85.652363,47.220219],[-85.458163,47.13981],[-85.263963,47.059893],[-85.07028,46.980001],[-84.87608,46.900083],[-84.826858,46.766732],[-84.779238,46.637102],[-84.543749,46.538684],[-84.543232,46.538684],[-84.6049,46.4396],[-84.3367,46.40877],[-84.14212,46.512226],[-84.128374,46.483649],[-84.115144,46.370917],[-84.091851,46.275419],[-83.890765,46.116927],[-83.763228,46.108969],[-83.669048,46.122741],[-83.616131,46.116927],[-83.469551,45.994686],[-83.592851,45.816894],[-83.397049,45.729044],[-83.179052,45.632719],[-82.919223,45.51792],[-82.760473,45.44751],[-82.550925,45.347517],[-82.515475,45.204114],[-82.485296,45.083993],[-82.446667,44.915708],[-82.407523,44.743729],[-82.368352,44.572809],[-82.326546,44.391296],[-82.281044,44.192342],[-82.24084,44.015608],[-82.196373,43.822442],[-82.137642,43.571088],[-82.190559,43.474272],[-82.417031,43.017607],[-82.429743,42.980038],[-82.90018,42.430227],[-83.119779,42.079912],[-83.128771,42.068802],[-83.142,41.975681],[-83.462678,41.694148],[-83.839967,41.685156],[-84.295056,41.685156],[-84.806756,41.677741],[-84.807299,41.756056],[-85.748146,41.751302],[-86.824462,41.756056],[-86.824462,41.760836],[-86.918126,41.760836],[-87.221337,41.760836],[-87.175836,41.9439],[-87.130335,42.127015],[-87.084808,42.309562],[-87.039307,42.492652],[-87.079537,42.782118],[-87.113928,43.030294],[-87.155191,43.326632],[-87.14514,43.571088],[-87.141962,43.657878],[-87.083232,43.89019],[-87.032434,44.091288],[-86.918668,44.361685],[-86.822344,44.591335],[-86.714934,44.84641],[-86.536082,45.04167],[-86.401672,45.133214],[-86.2646,45.226878],[-86.481563,45.323177],[-86.774207,45.452291],[-86.942465,45.452291],[-87.115504,45.452291],[-87.244617,45.289846],[-87.419775,45.184012],[-87.459462,45.068128],[-87.612915,45.110451],[-87.613975,45.108875],[-87.747326,45.226878],[-87.673248,45.387747],[-87.893389,45.396713],[-87.847888,45.559183],[-87.787013,45.639618],[-87.875406,45.779842],[-88.111929,45.843352],[-88.166964,46.007916],[-88.361707,46.020628],[-88.644274,46.022204],[-89.22106,46.202116],[-90.096304,46.380994],[-90.176738,46.560879],[-90.333912,46.593694],[-90.334971,46.596872],[-90.39688,46.576253],[-90.410626,46.584185],[-90.395278,46.611677],[-90.35559,46.673069],[-90.298979,46.760919],[-90.241825,46.848226],[-90.185213,46.936076],[-90.128059,47.0239],[-90.071448,47.11175],[-90.01481,47.1996],[-89.957656,47.286907]]]}},{"type":"Feature","properties":{"id":"us-ak","name":"Alaska","country":"us","iso3166_2":"US-AK","postal":"AK"},"geometry":{"type":"MultiPolygon","coordinates":[[[[-153.228729,57.968968],[-152.564791,57.901427],[-152.141147,57.591059],[-153.006314,57.115842],[-154.00509,56.734677],[-154.516403,56.992749],[-154.670993,57.461196],[-153.76278,57.816575],[-153.228729,57.968968]]],[[[-166.467792,60.38417],[-165.67443,60.293607],[-165.579164,59.909987],[-166.19277,59.754441],[-166.848337,59.941406],[-167.455277,60.213069],[-166.467792,60.38417]]],[[[-171.731657,63.782515],[-171.114434,63.592191],[-170.491112,63.694975],[-169.682505,63.431116],[-168.689439,63.297506],[-168.771941,63.188598],[-169.52944,62.976931],[-170.290556,63.194438],[-170.671386,63.375822],[-171.553063,63.317789],[-171.791111,63.405846],[-171.731657,63.782515]]],[[[-140.985988,69.711998],[-140.985988,69.711998],[-140.992499,66.000029],[-140.99777,60.306397],[-140.012998,60.276838],[-139.039,60.000007],[-138.340878,59.562101],[-137.452508,58.904984],[-136.479725,59.463864],[-135.475833,59.787772],[-134.944987,59.270543],[-134.2711,58.86111],[-133.355549,58.410285],[-132.730421,57.692887],[-131.707822,56.552104],[-130.00777,55.915812],[-129.979994,55.284998],[-130.53611,54.802753],[-131.085818,55.178906],[-131.967211,55.497776],[-132.250011,56.369996],[-133.539181,57.178887],[-134.078063,58.123068],[-135.038211,58.187715],[-136.628062,58.212209],[-137.800006,58.499995],[-139.867787,59.537762],[-140.825274,59.727517],[-142.574444,60.084447],[-143.958881,59.99918],[-145.925557,60.45861],[-147.114374,60.884656],[-148.224306,60.672989],[-148.018066,59.978329],[-148.570823,59.914173],[-149.727858,59.705658],[-150.608243,59.368211],[-151.716393,59.155821],[-151.859433,59.744984],[-151.409719,60.725803],[-150.346941,61.033588],[-150.621111,61.284425],[-151.895839,60.727198],[-152.57833,60.061657],[-154.019172,59.350279],[-153.287511,58.864728],[-154.232492,58.146374],[-155.307491,57.727795],[-156.308335,57.422774],[-156.556097,56.979985],[-158.117217,56.463608],[-158.433321,55.994154],[-159.603327,55.566686],[-160.28972,55.643581],[-161.223048,55.364735],[-162.237766,55.024187],[-163.069447,54.689737],[-164.785569,54.404173],[-164.942226,54.572225],[-163.84834,55.039431],[-162.870001,55.348043],[-161.804175,55.894986],[-160.563605,56.008055],[-160.07056,56.418055],[-158.684443,57.016675],[-158.461097,57.216921],[-157.72277,57.570001],[-157.550274,58.328326],[-157.041675,58.918885],[-158.194731,58.615802],[-158.517218,58.787781],[-159.058606,58.424186],[-159.711667,58.93139],[-159.981289,58.572549],[-160.355271,59.071123],[-161.355003,58.670838],[-161.968894,58.671665],[-162.054987,59.266925],[-161.874171,59.633621],[-162.518059,59.989724],[-163.818341,59.798056],[-164.662218,60.267484],[-165.346388,60.507496],[-165.350832,61.073895],[-166.121379,61.500019],[-165.734452,62.074997],[-164.919179,62.633076],[-164.562508,63.146378],[-163.753332,63.219449],[-163.067224,63.059459],[-162.260555,63.541936],[-161.53445,63.455817],[-160.772507,63.766108],[-160.958335,64.222799],[-161.518068,64.402788],[-160.777778,64.788604],[-161.391926,64.777235],[-162.45305,64.559445],[-162.757786,64.338605],[-163.546394,64.55916],[-164.96083,64.446945],[-166.425288,64.686672],[-166.845004,65.088896],[-168.11056,65.669997],[-166.705271,66.088318],[-164.47471,66.57666],[-163.652512,66.57666],[-163.788602,66.077207],[-161.677774,66.11612],[-162.489715,66.735565],[-163.719717,67.116395],[-164.430991,67.616338],[-165.390287,68.042772],[-166.764441,68.358877],[-166.204707,68.883031],[-164.430811,68.915535],[-163.168614,69.371115],[-162.930566,69.858062],[-161.908897,70.33333],[-160.934797,70.44769],[-159.039176,70.891642],[-158.119723,70.824721],[-156.580825,71.357764],[-155.06779,71.147776],[-154.344165,70.696409],[-153.900006,70.889989],[-152.210006,70.829992],[-152.270002,70.600006],[-150.739992,70.430017],[-149.720003,70.53001],[-147.613362,70.214035],[-145.68999,70.12001],[-144.920011,69.989992],[-143.589446,70.152514],[-142.07251,69.851938],[-140.985988,69.711998]]]]}},{"type":"Feature","properties":{"id":"in-sikkim","name":"Sikkim","country":"in","iso3166_2":"IN-SK","postal":"SK"},"geometry":{"type":"Polygon","coordinates":[[[88.89135,27.316059],[88.7562,27.148801],[88.518039,27.176223],[88.357429,27.085117],[88.118167,27.138499],[88.000898,27.248035],[88.147002,27.749211],[88.108969,27.933024],[88.577932,28.09335],[88.803706,28.006921],[88.829906,27.767401],[88.749033,27.521886],[88.89135,27.316059]]]}},{"type":"Feature","properties":{"id":"in-telangana","name":"Telangana","country":"in","iso3166_2":"IN-TG","postal":"TG"},"geometry":{"type":"Polygon","coordinates":[[[77.446467,15.95298],[77.53318,16.361043],[77.257435,16.449358],[77.431998,16.593613],[77.465174,17.042578],[77.37443,17.222567],[77.599326,17.486917],[77.582583,17.578772],[77.411534,17.630785],[77.61979,17.92565],[77.502588,18.381591],[77.912072,18.835362],[77.751978,19.045892],[77.92003,19.331663],[78.16787,19.264096],[78.174381,19.374657],[78.302642,19.482765],[78.383567,19.684535],[78.321762,19.863258],[78.780029,19.776674],[79.197731,19.461883],[79.266002,19.589555],[79.538949,19.533821],[79.795781,19.594101],[79.965486,19.401917],[79.861823,19.081084],[79.93355,19.053127],[80.001866,18.785624],[80.583433,18.541375],[80.93752,18.086312],[81.044904,17.776073],[81.14774,17.83656],[81.578411,17.79695],[81.758969,17.908933],[81.775781,17.833207],[81.628586,17.763421],[81.408339,17.370643],[80.99048,17.21818],[80.829519,17.046021],[80.501756,17.10797],[80.38431,16.975982],[80.586234,16.933936],[80.506146,16.792487],[80.220451,17.033251],[80.002428,16.871004],[80.073334,16.822862],[79.9581,16.630439],[79.751964,16.723741],[79.265636,16.569607],[79.214773,16.244493],[79.021658,16.247138],[78.839447,16.066718],[78.399994,16.083441],[78.087494,15.832953],[77.446467,15.95298]]]}},{"type":"Feature","properties":{"id":"in-ladakh","name":"Ladakh","country":"in","iso3166_2":"IN-LA","postal":"LA"},"geometry":{"type":"Polygon","coordinates":[[[77.799365,35.495922],[78.047412,35.449387],[78.01222,35.251027],[78.32693,34.606389],[78.670785,34.518152],[78.970095,34.302609],[78.726647,34.013402],[78.801836,33.499713],[79.066523,33.250374],[79.355084,33.16981],[79.334827,32.975507],[79.499106,32.73007],[79.384592,32.570054],[79.06704,32.388178],[78.918987,32.35818],[78.700861,32.597003],[78.270396,32.504166],[78.366617,32.76521],[78.008913,32.61031],[77.721075,33.012636],[77.348695,32.867245],[77.135788,32.92675],[76.739843,33.197406],[76.488031,33.502231],[76.246099,33.574094],[76.166381,33.873232],[76.024367,33.982089],[75.879592,33.963696],[75.374549,34.370981],[75.347547,34.572708],[75.709209,34.503062],[76.041075,34.669925],[76.594426,34.735865],[77.000913,34.991999],[77.04861,35.109899],[77.799365,35.495922]]]}},{"type":"Feature","properties":{"id":"in-chandigarh","name":"Chandigarh","country":"in","iso3166_2":"IN-CH","postal":"CH"},"geometry":{"type":"Polygon","coordinates":[[[76.814567,30.789129],[76.775603,30.677404],[76.703773,30.781403],[76.814567,30.789129]]]}},{"type":"Feature","properties":{"id":"in-delhi","name":"Delhi","country":"in","iso3166_2":"IN-DL","postal":"DL"},"geometry":{"type":"Polygon","coordinates":[[[77.327404,28.519707],[77.193562,28.432606],[76.836892,28.587222],[76.947273,28.696156],[76.936524,28.81465],[77.200797,28.876791],[77.327404,28.519707]]]}},{"type":"Feature","properties":{"id":"in-himachal-pradesh","name":"Himachal Pradesh","country":"in","iso3166_2":"IN-HP","postal":"HP"},"geometry":{"type":"Polygon","coordinates":[[[78.39028,32.527268],[78.486093,32.236224],[78.725562,31.98381],[78.693471,31.740363],[78.802973,31.61807],[78.743494,31.323799],[78.993349,31.163395],[78.869533,31.121977],[78.792741,31.20701],[78.368685,31.290028],[77.941114,31.172904],[77.806032,31.050508],[77.705779,30.791454],[77.812956,30.521057],[77.585063,30.382926],[77.147777,30.538679],[77.115118,30.722104],[76.645172,30.999271],[76.561146,31.276722],[76.373561,31.419245],[76.275376,31.310441],[76.158484,31.338553],[75.879741,31.97239],[75.601618,32.068947],[75.622909,32.258522],[75.911677,32.431354],[75.847391,32.516749],[75.9093,32.772703],[75.804913,32.898612],[75.972448,32.911041],[76.294289,33.147899],[76.558562,33.23146],[77.348695,32.867245],[77.721075,33.012636],[78.008913,32.61031],[78.366617,32.76521],[78.270396,32.504166],[78.39028,32.527268]]]}},{"type":"Feature","properties":{"id":"in-haryana","name":"Haryana","country":"in","iso3166_2":"IN-HR","postal":"HR"},"geometry":{"type":"Polygon","coordinates":[[[77.200797,28.876791],[76.936524,28.81465],[76.947273,28.696156],[76.836892,28.587222],[77.193562,28.432606],[77.327404,28.519707],[77.497006,28.393254],[77.47985,27.898039],[77.040807,27.807295],[76.973007,27.679293],[76.900867,27.73438],[76.940555,28.122987],[76.856632,28.228975],[76.553085,27.971239],[76.453453,28.162829],[76.36798,28.15637],[76.163341,28.0579],[76.215018,27.841505],[75.99994,27.842745],[75.931521,27.91809],[76.026192,28.262229],[75.593557,28.642671],[75.391502,29.252685],[75.106558,29.238216],[74.821408,29.402934],[74.612841,29.332809],[74.537084,29.441382],[74.602093,29.470424],[74.602713,29.726351],[74.466494,29.798931],[74.547006,29.860813],[74.516517,29.94719],[74.823371,29.984992],[75.187897,29.834743],[75.234612,29.561788],[75.445762,29.806191],[75.604409,29.764669],[75.786,29.83097],[75.956945,29.738624],[76.22556,29.869082],[76.178121,29.954684],[76.266694,30.113692],[76.531381,30.083978],[76.752866,30.43052],[76.904898,30.384089],[76.768162,30.907597],[76.905725,30.899303],[77.115118,30.722104],[77.147777,30.538679],[77.585063,30.382926],[77.570077,30.27823],[77.229943,29.976646],[77.064681,29.569513],[77.149844,29.403374],[77.200797,28.876791]]]}},{"type":"Feature","properties":{"id":"in-jammu-and-kashmir","name":"Jammu and Kashmir","country":"in","iso3166_2":"IN-JK","postal":"JK"},"geometry":{"type":"Polygon","coordinates":[[[75.347547,34.572708],[75.374549,34.370981],[75.879592,33.963696],[76.024367,33.982089],[76.166381,33.873232],[76.246099,33.574094],[76.488031,33.502231],[76.739843,33.197406],[76.396712,33.197716],[75.972448,32.911041],[75.826411,32.938067],[75.922632,32.617338],[75.5024,32.300587],[74.685757,32.493805],[74.663226,32.757665],[74.305522,32.810427],[74.30361,32.991811],[73.994223,33.242209],[74.149976,33.506999],[73.976498,33.721275],[74.2509,33.946094],[73.949884,34.018802],[73.904099,34.075672],[73.979443,34.191298],[73.794493,34.378238],[73.961202,34.653466],[74.300406,34.765398],[75.347547,34.572708]]]}},{"type":"Feature","properties":{"id":"in-andhra-pradesh","name":"Andhra Pradesh","country":"in","iso3166_2":"IN-AP","postal":"AP"},"geometry":{"type":"Polygon","coordinates":[[[80.231198,13.467614],[79.961972,13.416546],[79.784929,13.224025],[79.449549,13.33115],[79.420197,13.219994],[79.161608,13.044915],[78.736207,13.06096],[78.582625,12.778213],[78.352768,12.641503],[78.229572,12.759893],[78.516479,13.089098],[78.568362,13.274823],[78.38088,13.322753],[78.374679,13.579637],[78.068238,13.698725],[78.032684,13.884734],[77.92065,13.830474],[77.878792,13.916619],[77.499487,13.704461],[77.384042,13.846726],[77.152221,13.903596],[77.133204,13.784818],[76.958538,13.781614],[77.010421,13.904991],[76.872962,14.137354],[76.973628,14.156087],[77.112327,14.005063],[77.289267,14.010747],[77.332365,13.908169],[77.368539,14.163425],[77.467758,14.192442],[77.46104,14.290136],[77.111294,14.329617],[77.045458,14.231664],[76.908205,14.257864],[76.86242,14.347238],[76.931563,14.457567],[76.752866,14.565597],[76.822216,14.920976],[76.719483,14.989731],[76.764338,15.094118],[76.947996,15.021642],[77.080391,15.036654],[77.12814,15.132255],[77.104886,15.308213],[77.025924,15.351492],[76.999672,15.613776],[77.084939,15.667287],[77.034089,15.873734],[77.226429,15.976389],[78.087494,15.832953],[78.399994,16.083441],[78.839447,16.066718],[79.021658,16.247138],[79.214773,16.244493],[79.265636,16.569607],[79.882335,16.703233],[79.9581,16.630439],[80.073334,16.822862],[80.002428,16.871004],[80.220451,17.033251],[80.506146,16.792487],[80.586234,16.933936],[80.38431,16.975982],[80.501756,17.10797],[80.829519,17.046021],[80.99048,17.21818],[81.408339,17.370643],[81.628586,17.763421],[81.775781,17.833207],[81.758969,17.908933],[82.042362,18.043266],[82.240076,17.992933],[82.32989,18.044041],[82.309529,18.194755],[82.449056,18.5221],[82.586722,18.244391],[82.779681,18.416731],[83.0392,18.390351],[83.083539,18.525329],[83.028142,18.640852],[83.394218,18.869417],[83.341404,19.004577],[83.423673,18.964347],[83.612809,19.129789],[83.706447,19.001424],[83.801841,18.999952],[83.902404,18.805648],[84.153138,18.787717],[84.317779,18.80924],[84.6945,19.160588],[84.769629,19.120533],[84.104102,18.292676],[83.654297,18.069873],[83.19834,17.608984],[82.35957,17.096191],[82.286523,16.978076],[82.338672,16.706543],[82.258789,16.559863],[81.761914,16.329492],[81.286133,16.337061],[80.978711,15.75835],[80.646582,15.89502],[80.293457,15.710742],[80.053418,15.074023],[80.178711,14.47832],[80.111719,14.212207],[80.293348,13.528674],[80.15625,13.71377],[80.062109,13.60625],[80.231198,13.467614]]]}},{"type":"Feature","properties":{"id":"in-kerala","name":"Kerala","country":"in","iso3166_2":"IN-KL","postal":"KL"},"geometry":{"type":"Polygon","coordinates":[[[74.893953,12.751445],[75.102114,12.678865],[75.389331,12.294728],[75.846048,11.951105],[76.055751,11.96374],[76.115489,11.857494],[76.38927,11.744012],[76.339248,11.591489],[76.240752,11.603969],[76.256255,11.478447],[76.495414,11.384758],[76.466268,11.205234],[76.719173,11.138726],[76.690441,10.933364],[76.889705,10.78004],[76.821079,10.633176],[76.841543,10.310663],[76.98634,10.231288],[77.191495,10.351306],[77.276968,10.210101],[77.187671,9.612773],[77.398615,9.499963],[77.164934,9.001001],[77.24927,8.859098],[77.178886,8.695232],[77.278829,8.526405],[77.109654,8.28424],[76.553418,8.902783],[76.324609,9.4521],[76.242383,9.9271],[76.343066,9.827344],[76.375586,9.539893],[76.458789,9.53623],[76.346484,9.922119],[76.195605,10.086133],[75.723828,11.361768],[75.229785,12.02334],[74.893953,12.751445]]]}},{"type":"Feature","properties":{"id":"in-lakshadweep","name":"Lakshadweep","country":"in","iso3166_2":"IN-LD","postal":"LD"},"geometry":{"type":"MultiPolygon","coordinates":[[[[73.05332,8.256689],[73.026074,8.275293],[73.075195,8.306348],[73.05332,8.256689]]],[[[72.787891,11.215918],[72.773047,11.196094],[72.781836,11.243311],[72.787891,11.215918]]]]}},{"type":"Feature","properties":{"id":"in-odisha","name":"Odisha","country":"in","iso3166_2":"IN-OR","postal":"OR"},"geometry":{"type":"Polygon","coordinates":[[[87.478635,21.608108],[87.100684,21.500781],[86.85957,21.236719],[86.975488,20.700146],[86.769238,20.355908],[86.376563,20.006738],[86.293652,20.05376],[86.279492,19.919434],[85.575,19.69292],[85.496875,19.696924],[85.559766,19.753467],[85.504102,19.887695],[85.248633,19.757666],[85.162793,19.620898],[85.436914,19.656885],[84.770996,19.125391],[84.6945,19.160588],[84.525208,19.032973],[84.317779,18.80924],[83.902404,18.805648],[83.801841,18.999952],[83.706447,19.001424],[83.612809,19.129789],[83.423673,18.964347],[83.341404,19.004577],[83.394218,18.869417],[83.028142,18.640852],[83.083539,18.525329],[83.0392,18.390351],[82.779681,18.416731],[82.586722,18.244391],[82.449056,18.5221],[82.309529,18.194755],[82.32989,18.044041],[82.240076,17.992933],[82.042362,18.043266],[81.578411,17.79695],[81.39403,17.806691],[81.542548,18.262451],[81.740572,18.357898],[82.22447,18.921946],[82.168659,19.386595],[82.02903,19.517853],[82.029133,19.776468],[81.824184,19.913255],[81.867799,20.046658],[81.939629,20.104665],[82.096209,20.050637],[82.290306,19.836051],[82.381359,19.885944],[82.682323,19.822666],[82.695035,20.000537],[82.415569,20.066967],[82.341982,20.86082],[82.4535,20.846867],[82.668164,21.155479],[82.96458,21.178527],[83.078165,21.114551],[83.198261,21.172558],[83.279393,21.3588],[83.361041,21.33676],[83.351946,21.577262],[83.557102,21.834921],[83.54625,22.101623],[83.945812,22.371193],[83.970203,22.539348],[84.310957,22.324012],[85.065537,22.5032],[85.087758,22.280165],[84.985232,22.112785],[85.232038,22.035322],[85.425205,22.164487],[85.679143,22.075862],[85.792211,22.129089],[85.834275,21.986126],[85.974112,22.104594],[85.938765,22.500513],[86.039844,22.556737],[86.366026,22.330058],[86.486639,22.336854],[86.987383,22.066586],[87.059213,21.90719],[87.190678,21.956205],[87.275014,21.813966],[87.408546,21.786138],[87.478635,21.608108]]]}},{"type":"Feature","properties":{"id":"in-dadra-and-nagar-haveli-and-daman-and-diu","name":"Dadra and Nagar Haveli and Daman and Diu","country":"in","iso3166_2":"IN-DH","postal":"DH"},"geometry":{"type":"Polygon","coordinates":[[[73.166315,20.114871],[73.16094,20.047485],[72.997229,20.039811],[72.896667,20.221505],[73.049939,20.330258],[73.112158,20.254914],[73.041775,20.157736],[73.166315,20.114871]]]}},{"type":"Feature","properties":{"id":"in-karnataka","name":"Karnataka","country":"in","iso3166_2":"IN-KA","postal":"KA"},"geometry":{"type":"Polygon","coordinates":[[[74.893953,12.751445],[74.382227,14.494727],[74.097044,14.890286],[74.241185,14.956038],[74.292758,15.188272],[74.241185,15.23783],[74.30423,15.28917],[74.226818,15.629847],[74.100625,15.640286],[74.186097,15.76573],[74.331102,15.761932],[74.469594,16.109792],[74.292448,16.528371],[74.43001,16.644333],[74.557444,16.551652],[74.665758,16.606222],[74.684878,16.708438],[74.866676,16.776211],[74.844559,16.852021],[74.960004,16.951136],[75.166503,16.867937],[75.256006,16.959172],[75.616708,16.974675],[75.552836,17.365917],[75.61309,17.471595],[75.783933,17.374805],[75.870026,17.416147],[75.936482,17.325868],[76.343795,17.351861],[76.322194,17.61771],[76.512984,17.772817],[76.675971,17.706852],[76.740877,17.898417],[76.839062,17.884232],[76.885054,17.974459],[76.892909,18.144293],[77.087729,18.197055],[77.301876,18.460269],[77.346628,18.351516],[77.551163,18.307875],[77.62134,17.986835],[77.411534,17.630785],[77.582583,17.578772],[77.599326,17.486917],[77.37443,17.222567],[77.465174,17.042578],[77.431998,16.593613],[77.257435,16.449358],[77.53318,16.361043],[77.483674,16.002073],[77.143746,15.960706],[77.034089,15.873734],[77.084939,15.667287],[76.999672,15.613776],[77.025924,15.351492],[77.104886,15.308213],[77.12814,15.132255],[77.080391,15.036654],[76.947996,15.021642],[76.764338,15.094118],[76.719483,14.989731],[76.822216,14.920976],[76.752866,14.565597],[76.931563,14.457567],[76.86242,14.347238],[76.908205,14.257864],[77.045458,14.231664],[77.111294,14.329617],[77.46104,14.290136],[77.467758,14.192442],[77.327921,14.052166],[77.387969,13.962946],[77.332365,13.908169],[77.289267,14.010747],[77.112327,14.005063],[76.973628,14.156087],[76.872962,14.137354],[77.010421,13.904991],[76.958538,13.781614],[77.133204,13.784818],[77.152221,13.903596],[77.384042,13.846726],[77.499487,13.704461],[77.878792,13.916619],[77.92065,13.830474],[78.032684,13.884734],[78.068238,13.698725],[78.374679,13.579637],[78.38088,13.322753],[78.568362,13.274823],[78.516479,13.089098],[78.229572,12.759893],[77.895018,12.87278],[77.801277,12.856554],[77.765311,12.718733],[77.609351,12.672793],[77.618859,12.46663],[77.471892,12.274238],[77.492149,12.205457],[77.667849,12.203881],[77.768721,12.120036],[77.670846,11.971311],[77.489772,11.92612],[77.353863,11.7837],[76.907688,11.800184],[76.820769,11.625596],[76.605381,11.631177],[76.532207,11.709079],[76.415936,11.666833],[76.055751,11.96374],[75.846048,11.951105],[75.536609,12.168947],[75.102114,12.678865],[74.893953,12.751445]]]}},{"type":"Feature","properties":{"id":"in-goa","name":"Goa","country":"in","iso3166_2":"IN-GA","postal":"GA"},"geometry":{"type":"Polygon","coordinates":[[[73.678865,15.711175],[73.807623,15.774857],[73.991683,15.611105],[74.226818,15.629847],[74.30423,15.28917],[74.241185,15.23783],[74.292758,15.188272],[74.241185,14.956038],[74.097044,14.890286],[74.040625,14.949365],[73.800781,15.396973],[73.931934,15.396973],[73.771777,15.573047],[73.832813,15.659375],[73.678865,15.711175]]]}},{"type":"Feature","properties":{"id":"in-andaman-and-nicobar","name":"Andaman and Nicobar","country":"in","iso3166_2":"IN-AN","postal":"AN"},"geometry":{"type":"MultiPolygon","coordinates":[[[[93.016016,13.336182],[93.073828,13.2521],[92.909961,12.975195],[92.990234,12.538525],[92.863672,12.436035],[92.879492,12.22793],[92.747656,11.992773],[92.764648,11.63916],[92.668359,11.538721],[92.566504,11.930518],[92.676465,12.192383],[92.769238,12.215576],[92.740039,12.779639],[92.857324,13.358105],[93.029395,13.543848],[93.016016,13.336182]]],[[[93.017383,12.036816],[93.062109,11.899414],[92.955371,12.002441],[93.017383,12.036816]]],[[[92.679688,12.939258],[92.730859,12.948535],[92.685742,12.799951],[92.679688,12.939258]]],[[[92.510352,10.897461],[92.574316,10.704248],[92.502832,10.554883],[92.369531,10.547412],[92.352832,10.751123],[92.510352,10.897461]]],[[[92.690039,11.463428],[92.644531,11.361328],[92.595703,11.386426],[92.640234,11.509131],[92.690039,11.463428]]],[[[93.375488,8.01792],[93.447363,7.899121],[93.365039,7.876562],[93.309375,7.964014],[93.375488,8.01792]]],[[[92.713281,9.204883],[92.762109,9.243896],[92.809277,9.173389],[92.743555,9.130957],[92.713281,9.204883]]],[[[93.654688,7.379932],[93.733594,7.356494],[93.638477,7.261865],[93.654688,7.379932]]],[[[93.096973,8.349365],[93.140723,8.249512],[93.064258,8.274951],[93.096973,8.349365]]],[[[93.858984,7.206836],[93.92959,6.973486],[93.828809,6.748682],[93.656348,7.13623],[93.858984,7.206836]]]]}},{"type":"Feature","properties":{"id":"in-assam","name":"Assam","country":"in","iso3166_2":"IN-AS","postal":"AS"},"geometry":{"type":"Polygon","coordinates":[[[89.860038,26.713565],[90.122954,26.754595],[90.345886,26.890323],[90.739661,26.7717],[91.286552,26.789915],[91.426802,26.867094],[91.671593,26.802008],[92.698766,27.065919],[93.020297,26.953006],[93.460683,26.947244],[93.826552,27.095995],[93.84659,27.198892],[94.243064,27.525969],[94.243064,27.647977],[94.474575,27.593872],[95.31318,27.895791],[95.964096,27.993305],[95.775891,27.717327],[95.879554,27.462613],[96.007194,27.365126],[95.903738,27.276087],[95.493427,27.250042],[95.423768,27.141289],[95.031233,26.933498],[94.917132,26.951172],[94.690479,26.741004],[94.486564,26.676667],[94.358199,26.498383],[94.207201,26.483707],[94.00773,26.184397],[93.98923,25.94622],[93.90417,25.85682],[93.752138,25.959088],[93.335936,25.538028],[93.449211,25.302125],[93.189175,24.810811],[93.12396,24.809804],[93.018436,24.399131],[92.82868,24.377324],[92.746308,24.471091],[92.489476,24.132507],[92.416199,24.239451],[92.220242,24.264333],[92.257759,24.396005],[92.139065,24.545276],[92.228304,24.881324],[92.443174,24.849388],[92.485446,24.903312],[92.38605,25.005686],[92.805529,25.227711],[92.789613,25.348892],[92.382403,25.764345],[92.167325,25.689543],[92.183965,25.993013],[92.26148,26.055413],[91.825331,26.089261],[91.718154,25.967692],[91.582348,26.026887],[91.250999,25.737602],[91.178859,25.869636],[91.096797,25.839922],[90.97453,25.943636],[90.644318,25.931467],[90.484534,26.011927],[90.135615,25.959785],[89.974178,25.801578],[90.002083,25.586811],[89.80642,25.441048],[89.822921,25.941414],[89.709853,26.171219],[89.888498,26.532903],[89.860038,26.713565]]]}},{"type":"Feature","properties":{"id":"in-manipur","name":"Manipur","country":"in","iso3166_2":"IN-MN","postal":"MN"},"geometry":{"type":"Polygon","coordinates":[[[94.654788,25.444758],[94.554415,25.243447],[94.707584,25.048756],[94.127671,23.876476],[92.995492,24.095274],[93.12396,24.809804],[93.189175,24.810811],[93.449211,25.302125],[93.605481,25.2058],[93.808569,25.446096],[93.803195,25.543557],[94.325333,25.512035],[94.564699,25.684221],[94.552813,25.490331],[94.654788,25.444758]]]}},{"type":"Feature","properties":{"id":"in-nagaland","name":"Nagaland","country":"in","iso3166_2":"IN-NL","postal":"NL"},"geometry":{"type":"Polygon","coordinates":[[[95.246448,26.654794],[95.05981,26.473992],[95.132467,26.041253],[94.785874,25.519321],[94.552813,25.490331],[94.564699,25.684221],[94.325333,25.512035],[93.803195,25.543557],[93.808569,25.446096],[93.605481,25.2058],[93.449211,25.302125],[93.335936,25.538028],[93.752138,25.959088],[93.90417,25.85682],[93.98923,25.94622],[94.00773,26.184397],[94.207201,26.483707],[94.358199,26.498383],[94.486564,26.676667],[95.176444,27.033182],[95.246448,26.654794]]]}},{"type":"Feature","properties":{"id":"in-meghalaya","name":"Meghalaya","country":"in","iso3166_2":"IN-ML","postal":"ML"},"geometry":{"type":"Polygon","coordinates":[[[92.38605,25.005686],[92.04971,25.169472],[90.25044,25.184975],[89.814084,25.305355],[89.80642,25.441048],[90.002083,25.586811],[89.974178,25.801578],[90.135615,25.959785],[90.484534,26.011927],[90.97453,25.943636],[91.096797,25.839922],[91.178859,25.869636],[91.208108,25.736181],[91.582348,26.026887],[91.718154,25.967692],[91.825331,26.089261],[91.922483,26.03823],[92.164122,26.088382],[92.26148,26.055413],[92.183965,25.993013],[92.167325,25.689543],[92.382403,25.764345],[92.789613,25.348892],[92.805529,25.227711],[92.38605,25.005686]]]}},{"type":"Feature","properties":{"id":"in-punjab","name":"Punjab","country":"in","iso3166_2":"IN-PB","postal":"PB"},"geometry":{"type":"Polygon","coordinates":[[[75.293437,32.325995],[75.5024,32.300587],[75.847391,32.516749],[75.911677,32.431354],[75.622909,32.258522],[75.601618,32.068947],[75.879741,31.97239],[76.158484,31.338553],[76.275376,31.310441],[76.373561,31.419245],[76.561146,31.276722],[76.645172,30.999271],[76.832758,30.842278],[76.703773,30.781403],[76.886604,30.633789],[76.904898,30.384089],[76.752866,30.43052],[76.531381,30.083978],[76.266694,30.113692],[76.178121,29.954684],[76.22556,29.869082],[75.956945,29.738624],[75.786,29.83097],[75.604409,29.764669],[75.445762,29.806191],[75.234612,29.561788],[75.187897,29.834743],[74.823371,29.984992],[74.650669,29.914066],[73.915933,29.979902],[73.969677,30.137437],[73.882705,30.352153],[74.33937,30.893567],[74.63284,31.034643],[74.517705,31.18559],[74.593928,31.465367],[74.510005,31.712948],[74.555532,31.818575],[75.254146,32.140312],[75.324684,32.215269],[75.293437,32.325995]]]}},{"type":"Feature","properties":{"id":"in-rajasthan","name":"Rajasthan","country":"in","iso3166_2":"IN-RJ","postal":"RJ"},"geometry":{"type":"Polygon","coordinates":[[[71.047891,24.687744],[70.65205,25.422893],[70.614791,25.69192],[70.264631,25.706545],[70.100249,25.910047],[70.114615,26.548044],[69.506952,26.742657],[69.537027,27.122944],[69.896282,27.473621],[70.144587,27.849024],[70.403693,28.02506],[70.629054,27.937442],[70.691582,27.769003],[70.797932,27.709627],[71.87027,27.962505],[72.341921,28.751915],[72.903282,29.028771],[73.381599,29.934349],[73.80917,30.093357],[73.9334,30.222083],[73.915933,29.979902],[74.516517,29.94719],[74.547006,29.860813],[74.466494,29.798931],[74.602713,29.726351],[74.602093,29.470424],[74.537084,29.441382],[74.612841,29.332809],[74.821408,29.402934],[75.106558,29.238216],[75.391502,29.252685],[75.593557,28.642671],[76.026192,28.262229],[75.931521,27.91809],[75.99994,27.842745],[76.215018,27.841505],[76.163341,28.0579],[76.36798,28.15637],[76.453453,28.162829],[76.553085,27.971239],[76.856632,28.228975],[76.940555,28.122987],[76.900867,27.73438],[76.973007,27.679293],[77.040807,27.807295],[77.280689,27.80944],[77.345595,27.541885],[77.606147,27.32363],[77.657307,27.202707],[77.51344,27.109224],[77.628471,26.97316],[77.460833,26.904224],[77.510546,26.833324],[77.704642,26.929752],[78.22306,26.937064],[78.0794,26.682919],[77.90277,26.664032],[77.124729,26.237856],[76.545953,25.848293],[76.478361,25.7198],[76.551431,25.460126],[76.780151,25.33202],[77.358617,25.407106],[77.398925,25.212234],[77.341254,25.113997],[76.860973,25.033795],[76.883194,24.896956],[76.780564,24.837141],[77.037396,24.670303],[77.035226,24.538399],[76.806196,24.555788],[76.870275,24.181651],[76.132749,24.329394],[76.116626,24.134031],[75.997873,23.983937],[75.699804,23.793199],[75.597071,23.8179],[75.490307,23.939934],[75.538883,24.041375],[75.729983,24.00068],[75.805017,24.119122],[75.734427,24.423962],[75.874883,24.514266],[75.758818,24.777377],[75.20371,24.724951],[75.317915,24.955247],[75.235129,25.040229],[75.133326,25.040022],[75.084441,24.888895],[74.81531,24.916516],[74.837841,24.797143],[74.974266,24.785748],[74.965378,24.694049],[74.869673,24.665575],[74.806525,24.735777],[74.711853,24.523852],[74.846832,24.435511],[74.759292,24.256685],[74.869983,24.236118],[74.968169,24.032771],[74.939023,23.687366],[74.822958,23.500116],[74.569537,23.36785],[74.53636,23.250907],[74.715884,23.179206],[74.476106,23.062365],[74.323453,23.036062],[73.959548,23.358833],[73.618794,23.451876],[73.620551,23.582592],[73.361652,23.784233],[73.42387,23.940942],[73.354107,24.104731],[73.245586,24.015537],[73.079292,24.204311],[73.137169,24.335931],[73.095001,24.503647],[72.897391,24.360581],[72.050931,24.708363],[71.251496,24.636817],[71.047891,24.687744]]]}},{"type":"Feature","properties":{"id":"in-uttar-pradesh","name":"Uttar Pradesh","country":"in","iso3166_2":"IN-UP","postal":"UP"},"geometry":{"type":"Polygon","coordinates":[[[80.070699,28.830179],[80.418585,28.612026],[80.586999,28.649621],[81.852606,27.867085],[82.036988,27.900597],[82.451381,27.671825],[82.629923,27.68707],[82.733379,27.518992],[83.289728,27.371017],[83.447134,27.465352],[83.828816,27.377812],[84.070559,26.923602],[84.240781,26.8742],[84.246362,26.757049],[84.382994,26.641656],[84.099187,26.649588],[83.920077,26.53267],[83.955114,26.453915],[84.177632,26.40428],[84.187244,26.292788],[83.992734,26.241138],[84.261451,25.931312],[84.531616,25.862091],[84.600656,25.747008],[84.486657,25.700731],[84.372762,25.765068],[84.238921,25.64797],[84.143422,25.736207],[83.334273,25.172624],[83.360214,24.863263],[83.508836,24.762081],[83.523099,24.529666],[83.401659,24.498298],[83.453956,24.361588],[83.206322,23.944017],[82.964373,23.913915],[82.679429,24.166768],[82.766969,24.386031],[82.734413,24.551628],[82.808414,24.566408],[82.692245,24.719809],[82.427145,24.718569],[82.423631,24.647514],[82.302708,24.638135],[82.319038,24.702033],[81.881132,24.921528],[81.817156,25.035759],[81.585232,25.079632],[81.536967,25.199754],[81.243238,25.169523],[81.09813,24.908609],[80.778667,24.971499],[80.858868,25.187558],[80.806055,25.212156],[80.717895,25.081984],[80.579506,25.147923],[80.515117,25.040668],[80.288257,25.016225],[80.421996,25.180737],[80.283606,25.41447],[79.852108,25.247839],[79.86327,25.153245],[79.541636,25.176551],[79.468152,25.103843],[79.339065,25.147406],[79.424744,25.257192],[79.294519,25.259415],[79.268991,25.164123],[79.024045,25.174639],[78.885035,25.265538],[78.954902,25.385712],[78.919142,25.504593],[78.727526,25.346386],[78.597094,25.414005],[78.515859,25.26621],[78.732073,24.81492],[78.715433,24.685109],[78.878731,24.613201],[78.955005,24.392542],[78.825814,24.230149],[78.489401,24.410784],[78.385531,24.30123],[78.330134,24.342029],[78.16911,24.865459],[78.336542,25.022995],[78.366307,25.186008],[78.261921,25.411705],[78.370545,25.552678],[78.753571,25.674273],[78.739825,25.789796],[79.060839,26.355084],[79.028076,26.497556],[78.935782,26.694443],[78.693213,26.797874],[78.200116,26.823583],[78.22306,26.937064],[77.704642,26.929752],[77.510546,26.833324],[77.460833,26.904224],[77.628471,26.97316],[77.51344,27.109224],[77.657307,27.202707],[77.345595,27.541885],[77.280689,27.80944],[77.526462,27.974468],[77.468068,28.046815],[77.528942,28.25347],[77.227152,28.783592],[77.087832,29.6585],[77.229943,29.976646],[77.661544,30.394915],[77.928918,30.24433],[77.746397,29.977344],[77.831456,29.659895],[78.189057,29.706688],[78.154951,29.925435],[78.228331,29.947423],[78.643086,29.537577],[78.906946,29.388362],[78.721531,29.284027],[78.950354,29.127008],[79.055878,29.151761],[79.371207,28.969886],[79.443658,28.849583],[79.743278,28.88524],[80.000626,28.737316],[80.070699,28.830179]]]}},{"type":"Feature","properties":{"id":"in-uttarakhand","name":"Uttarakhand","country":"in","iso3166_2":"IN-UT","postal":"UT"},"geometry":{"type":"Polygon","coordinates":[[[81.010229,30.164516],[80.848171,30.139763],[80.401842,29.730253],[80.000626,28.737316],[79.743278,28.88524],[79.443658,28.849583],[79.371207,28.969886],[79.055878,29.151761],[78.950354,29.127008],[78.721531,29.284027],[78.906946,29.388362],[78.643086,29.537577],[78.228331,29.947423],[78.154951,29.925435],[78.189057,29.706688],[77.831456,29.659895],[77.746397,29.977344],[77.928918,30.24433],[77.585063,30.382926],[77.812956,30.521057],[77.705779,30.791454],[77.806032,31.050508],[77.941114,31.172904],[78.368685,31.290028],[78.792741,31.20701],[78.869533,31.121977],[78.993349,31.163395],[78.869351,31.314989],[79.011074,31.414104],[79.107141,31.402657],[79.493164,30.993716],[79.794592,30.968265],[80.149454,30.789852],[80.186248,30.605316],[80.682135,30.414836],[81.010229,30.164516]]]}},{"type":"Feature","properties":{"id":"in-jharkhand","name":"Jharkhand","country":"in","iso3166_2":"IN-JH","postal":"JH"},"geometry":{"type":"Polygon","coordinates":[[[83.970203,22.539348],[84.352195,22.88558],[84.291734,22.997227],[84.115,22.998855],[84.028908,23.146107],[84.015368,23.382604],[83.946949,23.370021],[83.991184,23.631762],[83.780861,23.586493],[83.521755,24.065896],[83.337063,24.140232],[83.453956,24.361588],[83.401659,24.498298],[83.918423,24.543799],[84.043894,24.623898],[84.09557,24.504138],[84.305376,24.530803],[84.471981,24.307354],[84.798473,24.496593],[84.96146,24.348385],[85.280614,24.487265],[85.526387,24.501554],[85.6624,24.568888],[85.746012,24.770039],[85.830865,24.770917],[86.097722,24.690483],[86.154876,24.556098],[86.290475,24.551551],[86.276419,24.434814],[86.438683,24.340375],[86.585651,24.561447],[86.889922,24.531604],[86.925475,24.613588],[87.050015,24.597026],[87.117298,24.970879],[87.291861,25.174252],[87.406686,25.181047],[87.523475,25.323778],[87.783717,25.214094],[87.895442,24.670303],[87.631478,24.269372],[87.661554,24.186198],[87.486888,24.124135],[87.488748,24.046853],[87.33806,24.001843],[87.301576,24.056852],[87.166287,23.810227],[86.877209,23.913063],[86.799798,23.725529],[86.458527,23.638609],[86.214304,23.449163],[86.056381,23.602513],[85.996436,23.511511],[85.828901,23.483063],[85.89484,23.416478],[85.829831,23.260803],[85.888432,23.163083],[86.020207,23.152592],[86.142474,23.028259],[86.450465,23.004203],[86.399099,22.784966],[86.749362,22.5448],[86.718149,22.469404],[86.789876,22.415635],[86.780264,22.286702],[86.686523,22.218024],[86.039844,22.556737],[85.938765,22.500513],[85.974112,22.104594],[85.916234,22.022119],[85.784666,22.011887],[85.792211,22.129089],[85.679143,22.075862],[85.425205,22.164487],[85.232038,22.035322],[84.985232,22.112785],[85.087758,22.280165],[85.065537,22.5032],[84.310957,22.324012],[83.970203,22.539348]]]}},{"type":"Feature","properties":{"id":"in-west-bengal","name":"West Bengal","country":"in","iso3166_2":"IN-WB","postal":"WB"},"geometry":{"type":"Polygon","coordinates":[[[88.7562,27.148801],[88.857657,26.961481],[89.148233,26.816141],[89.332098,26.848646],[89.860038,26.713565],[89.888498,26.532903],[89.828864,26.327851],[89.727268,26.206204],[89.619057,26.215687],[89.549914,26.005261],[89.466922,25.983531],[89.186422,26.105952],[89.018629,26.410275],[88.951915,26.412135],[88.940752,26.245349],[88.827994,26.252196],[88.682835,26.291703],[88.418149,26.571531],[88.345853,26.504791],[88.44037,26.369502],[88.150723,26.087142],[88.084629,25.888239],[88.502433,25.53702],[88.769187,25.490486],[88.944163,25.290782],[88.817297,25.176241],[88.456286,25.188437],[88.313349,24.881841],[88.18886,24.920598],[88.030317,24.664438],[88.145452,24.485793],[88.723505,24.274901],[88.567338,23.674421],[88.740868,23.436606],[88.703971,23.292842],[88.897034,23.210418],[88.850629,23.040506],[89.055836,22.186243],[89.02793,21.937207],[88.949316,21.937939],[89.05166,21.654102],[88.907422,21.653076],[88.85752,21.744678],[88.74502,21.584375],[88.691211,21.733496],[88.740234,22.00542],[88.641602,22.121973],[88.584668,21.659717],[88.445996,21.614258],[88.305469,21.72334],[88.253711,21.622314],[88.12207,21.635791],[88.056836,21.694141],[88.196289,22.139551],[87.941406,22.374316],[87.961621,22.255029],[88.159277,22.121729],[87.82373,21.727344],[87.478635,21.608108],[87.408546,21.786138],[87.275014,21.813966],[87.190678,21.956205],[87.059213,21.90719],[86.987383,22.066586],[86.686523,22.218024],[86.780264,22.286702],[86.789876,22.415635],[86.718149,22.469404],[86.749362,22.5448],[86.399099,22.784966],[86.450465,23.004203],[86.142474,23.028259],[86.020207,23.152592],[85.888432,23.163083],[85.829831,23.260803],[85.89484,23.416478],[85.828901,23.483063],[85.996436,23.511511],[86.056381,23.602513],[86.214304,23.449163],[86.458527,23.638609],[86.799798,23.725529],[86.877209,23.913063],[87.166287,23.810227],[87.301576,24.056852],[87.33806,24.001843],[87.488748,24.046853],[87.486888,24.124135],[87.661554,24.186198],[87.631478,24.269372],[87.895442,24.670303],[87.768007,25.436277],[88.043133,25.547097],[88.04644,25.668873],[87.805421,25.873666],[87.831363,26.010557],[88.297174,26.336222],[88.282291,26.428439],[88.093596,26.536846],[88.157234,26.807305],[87.993162,27.086073],[88.000898,27.248035],[88.118167,27.138499],[88.357429,27.085117],[88.518039,27.176223],[88.7562,27.148801]]]}},{"type":"Feature","properties":{"id":"in-bihar","name":"Bihar","country":"in","iso3166_2":"IN-BR","postal":"BR"},"geometry":{"type":"Polygon","coordinates":[[[83.828816,27.377812],[84.091074,27.491346],[84.610216,27.298696],[84.685405,27.041037],[85.240203,26.750357],[85.648395,26.828983],[85.794588,26.604165],[86.007288,26.649381],[86.701406,26.435053],[87.016425,26.555434],[87.089548,26.433219],[87.287417,26.360303],[87.849243,26.436888],[87.995074,26.382369],[88.093596,26.536846],[88.194958,26.501483],[88.297174,26.336222],[87.831363,26.010557],[87.805421,25.873666],[88.04644,25.668873],[88.043133,25.547097],[87.768007,25.436277],[87.838081,25.27776],[87.783717,25.214094],[87.523475,25.323778],[87.406686,25.181047],[87.291861,25.174252],[87.117298,24.970879],[87.050015,24.597026],[86.925475,24.613588],[86.889922,24.531604],[86.585651,24.561447],[86.438683,24.340375],[86.276419,24.434814],[86.290475,24.551551],[86.154876,24.556098],[86.097722,24.690483],[85.830865,24.770917],[85.746012,24.770039],[85.6624,24.568888],[85.526387,24.501554],[85.280614,24.487265],[84.96146,24.348385],[84.798473,24.496593],[84.519213,24.307509],[84.311888,24.451144],[84.305376,24.530803],[84.09557,24.504138],[84.043894,24.623898],[83.918423,24.543799],[83.523099,24.529666],[83.508836,24.762081],[83.360214,24.863263],[83.384089,25.235928],[84.143422,25.736207],[84.238921,25.64797],[84.372762,25.765068],[84.486657,25.700731],[84.600656,25.747008],[84.531616,25.862091],[84.261451,25.931312],[83.992734,26.241138],[84.187244,26.292788],[84.177632,26.40428],[83.955114,26.453915],[83.920077,26.53267],[84.099187,26.649588],[84.382994,26.641656],[84.246362,26.757049],[84.240781,26.8742],[84.070559,26.923602],[83.828816,27.377812]]]}},{"type":"Feature","properties":{"id":"in-chhattisgarh","name":"Chhattisgarh","country":"in","iso3166_2":"IN-CT","postal":"CT"},"geometry":{"type":"Polygon","coordinates":[[[80.270377,18.71369],[80.344171,18.85071],[80.271824,18.979436],[80.397088,19.234175],[80.575992,19.391969],[80.716655,19.262701],[80.893905,19.484444],[80.425096,19.892817],[80.531137,19.920697],[80.557181,20.048337],[80.424373,20.234088],[80.622397,20.325891],[80.622397,20.600913],[80.503025,20.633289],[80.572994,20.697574],[80.552117,20.919318],[80.435328,20.999235],[80.484524,21.167701],[80.625601,21.242657],[80.835097,21.950986],[81.118904,22.294608],[81.178022,22.478422],[81.417801,22.437494],[81.642283,22.550846],[81.946141,23.042961],[82.129385,23.096498],[82.189743,23.288734],[81.907177,23.505181],[81.744602,23.542594],[81.644144,23.482055],[81.591434,23.561172],[81.686208,23.690311],[81.622026,23.833791],[81.681867,23.885132],[81.778192,23.801881],[82.531738,23.775371],[82.800869,23.998716],[83.08881,23.911047],[83.206322,23.944017],[83.337063,24.140232],[83.442277,24.12181],[83.696628,23.818701],[83.780861,23.586493],[83.991184,23.631762],[83.946949,23.370021],[84.015368,23.382604],[84.028908,23.146107],[84.115,22.998855],[84.291734,22.997227],[84.352195,22.88558],[83.996248,22.592704],[83.945812,22.371193],[83.605367,22.195984],[83.515347,21.963853],[83.557102,21.834921],[83.473179,21.807171],[83.327658,21.499153],[83.361041,21.33676],[83.279393,21.3588],[83.198261,21.172558],[83.078165,21.114551],[82.96458,21.178527],[82.668164,21.155479],[82.4535,20.846867],[82.341982,20.86082],[82.415569,20.066967],[82.695035,20.000537],[82.682323,19.822666],[82.381359,19.885944],[82.290306,19.836051],[82.096209,20.050637],[81.939629,20.104665],[81.867799,20.046658],[81.824184,19.913255],[82.029133,19.776468],[82.02903,19.517853],[82.168659,19.386595],[82.22447,18.921946],[82.138894,18.747254],[81.968982,18.685733],[81.740572,18.357898],[81.542548,18.262451],[81.39403,17.806691],[81.14774,17.83656],[81.044904,17.776073],[80.93752,18.086312],[80.696191,18.412287],[80.270377,18.71369]]]}},{"type":"Feature","properties":{"id":"in-madhya-pradesh","name":"Madhya Pradesh","country":"in","iso3166_2":"IN-MP","postal":"MP"},"geometry":{"type":"Polygon","coordinates":[[[80.679034,21.351152],[80.186661,21.63948],[80.005277,21.548323],[79.551558,21.550029],[79.413065,21.689813],[79.240053,21.712758],[78.904156,21.509282],[78.427906,21.508481],[78.413333,21.606304],[78.02917,21.437684],[77.578035,21.384457],[77.433134,21.498817],[77.555194,21.542484],[77.551783,21.696764],[77.332985,21.774459],[76.79369,21.577004],[76.614063,21.202479],[76.286641,21.074812],[76.108564,21.153128],[76.082933,21.368076],[75.31192,21.38146],[75.129916,21.437684],[75.047957,21.554059],[74.708133,21.611162],[74.512486,21.726917],[74.407686,22.023049],[74.12884,21.951761],[74.05639,22.294169],[74.224338,22.349205],[74.221547,22.409433],[74.025694,22.47961],[74.37637,22.651047],[74.458122,22.804112],[74.323453,23.036062],[74.715884,23.179206],[74.53636,23.250907],[74.569537,23.36785],[74.822958,23.500116],[74.939023,23.687366],[74.968169,24.032771],[74.869983,24.236118],[74.759292,24.256685],[74.846832,24.435511],[74.711853,24.523852],[74.806525,24.735777],[74.869673,24.665575],[74.965378,24.694049],[74.974266,24.785748],[74.837841,24.797143],[74.81531,24.916516],[75.084441,24.888895],[75.133326,25.040022],[75.235129,25.040229],[75.317915,24.955247],[75.17198,24.762546],[75.448036,24.703144],[75.758818,24.777377],[75.874883,24.514266],[75.734427,24.423962],[75.805017,24.119122],[75.729983,24.00068],[75.538883,24.041375],[75.490307,23.939934],[75.597071,23.8179],[75.699804,23.793199],[75.997873,23.983937],[76.116626,24.134031],[76.132749,24.329394],[76.870275,24.181651],[76.806196,24.555788],[77.035226,24.538399],[77.037396,24.670303],[76.780564,24.837141],[76.883194,24.896956],[76.860973,25.033795],[77.341254,25.113997],[77.398925,25.212234],[77.358617,25.407106],[77.255471,25.433512],[77.201624,25.35561],[76.913476,25.309308],[76.652304,25.379175],[76.551431,25.460126],[76.478361,25.7198],[76.545953,25.848293],[77.323374,26.351984],[77.715081,26.506031],[77.90277,26.664032],[78.0794,26.682919],[78.101207,26.795109],[78.371475,26.851049],[78.935782,26.694443],[79.060839,26.355084],[78.963274,26.278086],[78.954075,26.109983],[78.714503,25.62593],[78.370545,25.552678],[78.261921,25.411705],[78.366307,25.186008],[78.336542,25.022995],[78.16911,24.865459],[78.261301,24.692653],[78.228848,24.532741],[78.385531,24.30123],[78.489401,24.410784],[78.825814,24.230149],[78.955005,24.392542],[78.878731,24.613201],[78.715433,24.685109],[78.732073,24.81492],[78.515859,25.26621],[78.597094,25.414005],[78.727526,25.346386],[78.919142,25.504593],[78.954902,25.385712],[78.885035,25.265538],[79.024045,25.174639],[79.268991,25.164123],[79.294519,25.259415],[79.424744,25.257192],[79.339065,25.147406],[79.86327,25.153245],[79.852108,25.247839],[80.283606,25.41447],[80.421996,25.180737],[80.288257,25.016225],[80.515117,25.040668],[80.579506,25.147923],[80.717895,25.081984],[80.806055,25.212156],[80.858868,25.187558],[80.778667,24.971499],[81.09813,24.908609],[81.243238,25.169523],[81.536967,25.199754],[81.585232,25.079632],[81.817156,25.035759],[81.881132,24.921528],[82.319038,24.702033],[82.302708,24.638135],[82.423631,24.647514],[82.427145,24.718569],[82.692245,24.719809],[82.808414,24.566408],[82.734413,24.551628],[82.679429,24.166768],[82.800869,23.998716],[82.768106,23.928953],[82.531738,23.775371],[81.778192,23.801881],[81.681867,23.885132],[81.622026,23.833791],[81.686208,23.690311],[81.591434,23.561172],[81.644144,23.482055],[81.744602,23.542594],[81.907177,23.505181],[82.098173,23.371726],[82.189743,23.288734],[82.129385,23.096498],[81.946141,23.042961],[81.642283,22.550846],[81.417801,22.437494],[81.178022,22.478422],[81.118904,22.294608],[80.835097,21.950986],[80.679034,21.351152]]]}},{"type":"Feature","properties":{"id":"in-puducherry","name":"Puducherry","country":"in","iso3166_2":"IN-PY","postal":"PY"},"geometry":{"type":"MultiPolygon","coordinates":[[[[79.848488,11.954472],[79.812867,11.832394],[79.727051,11.841629],[79.68602,11.99994],[79.79113,11.916818],[79.848488,11.954472]]],[[[79.849425,10.979844],[79.850195,10.768848],[79.70545,10.910445],[79.73749,10.986229],[79.849425,10.979844]]]]}},{"type":"Feature","properties":{"id":"in-tamil-nadu","name":"Tamil Nadu","country":"in","iso3166_2":"IN-TN","postal":"TN"},"geometry":{"type":"Polygon","coordinates":[[[79.850195,10.768848],[79.838184,10.322559],[79.314551,10.256689],[79.257812,10.035205],[78.939941,9.565771],[78.919141,9.452881],[79.019922,9.33335],[79.411426,9.192383],[78.97959,9.268555],[78.421484,9.105029],[78.19248,8.890869],[78.060156,8.38457],[77.517578,8.07832],[77.109654,8.28424],[77.278829,8.526405],[77.178886,8.695232],[77.24927,8.859098],[77.164934,9.001001],[77.398615,9.499963],[77.187671,9.612773],[77.276968,10.210101],[77.191495,10.351306],[76.98634,10.231288],[76.841543,10.310663],[76.821079,10.633176],[76.889705,10.78004],[76.690441,10.933364],[76.719173,11.138726],[76.466268,11.205234],[76.495414,11.384758],[76.256255,11.478447],[76.240752,11.603969],[76.339248,11.591489],[76.465338,11.71497],[76.820769,11.625596],[76.907688,11.800184],[77.353863,11.7837],[77.489772,11.92612],[77.670846,11.971311],[77.768721,12.120036],[77.667849,12.203881],[77.492149,12.205457],[77.471892,12.274238],[77.618859,12.46663],[77.609351,12.672793],[77.765311,12.718733],[77.801277,12.856554],[78.056249,12.845935],[78.419121,12.63264],[78.736207,13.06096],[79.161608,13.044915],[79.420197,13.219994],[79.449549,13.33115],[79.784929,13.224025],[79.961972,13.416546],[80.231198,13.467614],[80.342383,13.361328],[80.143066,12.452002],[79.79113,11.916818],[79.68602,11.99994],[79.727051,11.841629],[79.812867,11.832394],[79.793359,11.44668],[79.693164,11.312549],[79.799023,11.338672],[79.848633,11.196875],[79.849425,10.979844],[79.73749,10.986229],[79.70545,10.910445],[79.850195,10.768848]]]}},{"type":"Feature","properties":{"id":"in-gujarat","name":"Gujarat","country":"in","iso3166_2":"IN-GJ","postal":null},"geometry":{"type":"Polygon","coordinates":[[[71.047891,24.687744],[71.251496,24.636817],[72.050931,24.708363],[72.897391,24.360581],[73.095001,24.503647],[73.137169,24.335931],[73.079292,24.204311],[73.245586,24.015537],[73.354107,24.104731],[73.42387,23.940942],[73.361652,23.784233],[73.620551,23.582592],[73.618794,23.451876],[73.959548,23.358833],[74.23333,23.1559],[74.4266,22.871628],[74.37637,22.651047],[74.025694,22.47961],[74.221547,22.409433],[74.224338,22.349205],[74.05639,22.294169],[74.12884,21.951761],[73.809376,21.836471],[73.8286,21.650927],[73.751602,21.611033],[73.820848,21.508326],[74.291517,21.513855],[74.053496,21.465718],[73.91862,21.291569],[73.800074,21.280949],[73.695171,21.122639],[73.868287,20.974767],[73.909008,20.775709],[73.699822,20.562414],[73.404233,20.66985],[73.4587,20.538023],[73.360721,20.369377],[73.363822,20.178304],[73.166315,20.114871],[73.041775,20.157736],[73.112158,20.254914],[73.049939,20.330258],[72.896667,20.221505],[72.947207,20.127402],[72.708984,20.078027],[72.89375,20.672754],[72.824316,21.083594],[72.692383,21.177637],[72.623828,21.371973],[72.734766,21.470801],[72.613281,21.461816],[73.1125,21.750439],[72.543066,21.696582],[72.700195,21.971924],[72.522266,21.976221],[72.553027,22.159961],[72.80918,22.233301],[72.182813,22.269727],[72.306445,22.189209],[72.274414,22.089746],[72.037207,21.823047],[72.210352,21.728223],[72.254004,21.531006],[72.015234,21.155713],[71.024609,20.738867],[70.719336,20.74043],[70.127344,21.094678],[68.969922,22.290283],[69.05166,22.437305],[69.238867,22.300195],[70.177246,22.572754],[70.513477,23.00249],[70.489258,23.089502],[70.367969,22.973486],[69.664648,22.759082],[69.235938,22.848535],[68.640723,23.189941],[68.41748,23.571484],[68.776758,23.8521],[68.234961,23.596973],[68.165039,23.857324],[68.381284,23.95089],[68.724105,23.964687],[68.758935,24.30725],[69.559196,24.273092],[69.716189,24.172608],[69.933747,24.171367],[70.546785,24.418303],[70.579341,24.279035],[70.767288,24.245394],[71.044015,24.400087],[70.969808,24.571885],[71.047891,24.687744]]]}},{"type":"Feature","properties":{"id":"in-arunachal-pradesh","name":"Arunachal Pradesh","country":"in","iso3166_2":"IN-AR","postal":"AR"},"geometry":{"type":"Polygon","coordinates":[[[91.631906,27.75996],[91.977673,27.730349],[92.546734,27.879177],[92.664349,27.94894],[92.701866,28.147119],[93.034973,28.327651],[93.251962,28.629467],[93.760768,28.729771],[94.62299,29.312423],[94.763136,29.201293],[95.353074,29.035902],[95.515803,29.206331],[96.035306,29.447143],[96.19478,29.272451],[96.3372,29.261005],[96.12233,29.082075],[96.162224,28.909709],[96.435695,29.050682],[96.580906,28.763671],[96.278909,28.428188],[96.366449,28.367261],[96.602662,28.459917],[96.77583,28.367054],[97.075346,28.368966],[97.289493,28.23683],[97.339154,28.030873],[97.335124,27.937727],[96.876857,27.58674],[97.103768,27.163329],[97.038088,27.102041],[96.731646,27.33151],[96.190801,27.261282],[95.246448,26.654794],[95.176444,27.033182],[95.545931,27.273943],[95.903738,27.276087],[96.007194,27.365126],[95.879554,27.462613],[95.775891,27.717327],[95.964096,27.993305],[95.31318,27.895791],[94.474575,27.593872],[94.243064,27.647977],[94.243064,27.525969],[93.84659,27.198892],[93.826552,27.095995],[93.460683,26.947244],[93.020297,26.953006],[92.698766,27.065919],[92.072848,26.920914],[91.998654,27.079278],[92.044956,27.364712],[91.990799,27.450211],[91.658106,27.493619],[91.579351,27.611442],[91.631906,27.75996]]]}},{"type":"Feature","properties":{"id":"in-mizoram","name":"Mizoram","country":"in","iso3166_2":"IN-MZ","postal":"MZ"},"geometry":{"type":"Polygon","coordinates":[[[93.312122,24.032525],[93.41495,23.682095],[93.391282,23.33917],[93.349372,23.084948],[93.150935,22.997305],[93.078691,22.718226],[93.151141,22.230633],[92.964538,22.003774],[92.720987,22.132448],[92.574897,21.97809],[92.491388,22.685386],[92.341268,23.069807],[92.24608,23.683619],[92.318634,23.850534],[92.29848,24.23772],[92.416199,24.239451],[92.489476,24.132507],[92.746308,24.471091],[92.82868,24.377324],[93.018436,24.399131],[92.995492,24.095274],[93.312122,24.032525]]]}},{"type":"Feature","properties":{"id":"in-tripura","name":"Tripura","country":"in","iso3166_2":"IN-TR","postal":"TR"},"geometry":{"type":"Polygon","coordinates":[[[92.24608,23.683619],[91.978551,23.692017],[91.937882,23.50469],[91.754224,23.287313],[91.773861,23.106083],[91.6949,23.004849],[91.553564,22.991569],[91.436259,23.199902],[91.37063,23.19799],[91.368666,23.074561],[91.315233,23.104378],[91.165526,23.581042],[91.231982,23.920478],[91.367064,24.093517],[91.846208,24.175269],[91.931009,24.325544],[92.102006,24.408045],[92.139065,24.545276],[92.257759,24.396005],[92.220242,24.264333],[92.325352,24.188343],[92.24608,23.683619]]]}},{"type":"Feature","properties":{"id":"in-maharashtra","name":"Maharashtra","country":"in","iso3166_2":"IN-MH","postal":"MH"},"geometry":{"type":"Polygon","coordinates":[[[74.103545,15.644573],[73.991683,15.611105],[73.807623,15.774857],[73.678865,15.711175],[73.476074,16.054248],[72.875488,18.642822],[73.005566,19.021094],[72.97207,19.15332],[72.834668,18.975586],[72.803027,19.079297],[72.811621,19.298926],[72.987207,19.277441],[72.787891,19.362988],[72.799414,19.519824],[72.667773,19.830957],[72.708984,20.078027],[72.947207,20.127402],[72.997229,20.039811],[73.16094,20.047485],[73.271838,20.193419],[73.363822,20.178304],[73.360721,20.369377],[73.4587,20.538023],[73.404233,20.66985],[73.699822,20.562414],[73.909008,20.775709],[73.868287,20.974767],[73.695171,21.122639],[74.053496,21.465718],[74.291517,21.513855],[73.820848,21.508326],[73.751602,21.611033],[73.8286,21.650927],[73.809376,21.836471],[74.407686,22.023049],[74.512486,21.726917],[74.708133,21.611162],[75.047957,21.554059],[75.129916,21.437684],[75.31192,21.38146],[76.082933,21.368076],[76.108564,21.153128],[76.286641,21.074812],[76.614063,21.202479],[76.79369,21.577004],[77.332985,21.774459],[77.551783,21.696764],[77.555194,21.542484],[77.433134,21.498817],[77.578035,21.384457],[78.02917,21.437684],[78.413333,21.606304],[78.427906,21.508481],[78.904156,21.509282],[79.240053,21.712758],[79.413065,21.689813],[79.551558,21.550029],[80.005277,21.548323],[80.186661,21.63948],[80.679034,21.351152],[80.484524,21.167701],[80.435328,20.999235],[80.552117,20.919318],[80.572994,20.697574],[80.503025,20.633289],[80.622397,20.600913],[80.622397,20.325891],[80.424373,20.234088],[80.557181,20.048337],[80.531137,19.920697],[80.425096,19.892817],[80.893905,19.484444],[80.716655,19.262701],[80.575992,19.391969],[80.397088,19.234175],[80.271824,18.979436],[80.344171,18.85071],[80.270377,18.71369],[80.090543,18.69749],[80.001866,18.785624],[79.93355,19.053127],[79.861823,19.081084],[79.943782,19.169218],[79.965486,19.401917],[79.795781,19.594101],[79.538949,19.533821],[79.266002,19.589555],[79.197731,19.461883],[78.780029,19.776674],[78.321762,19.863258],[78.383567,19.684535],[78.302642,19.482765],[78.174381,19.374657],[78.16787,19.264096],[77.92003,19.331663],[77.751978,19.045892],[77.912072,18.835362],[77.592298,18.548145],[77.502588,18.381591],[77.551163,18.307875],[77.346628,18.351516],[77.301876,18.460269],[77.087729,18.197055],[76.892909,18.144293],[76.885054,17.974459],[76.839062,17.884232],[76.740877,17.898417],[76.675971,17.706852],[76.512984,17.772817],[76.322194,17.61771],[76.343795,17.351861],[75.936482,17.325868],[75.870026,17.416147],[75.783933,17.374805],[75.61309,17.471595],[75.552836,17.365917],[75.616708,16.974675],[75.256006,16.959172],[75.166503,16.867937],[74.960004,16.951136],[74.844559,16.852021],[74.866676,16.776211],[74.684878,16.708438],[74.665758,16.606222],[74.557444,16.551652],[74.43001,16.644333],[74.292448,16.528371],[74.469594,16.109792],[74.331102,15.761932],[74.186097,15.76573],[74.103545,15.644573]]]}},{"type":"Feature","properties":{"id":"ae-abu-dhabi","name":"Abu Dhabi","country":"ae","iso3166_2":null,"postal":null},"geometry":{"type":"Polygon","coordinates":[[[51.5,22.6],[52,22.5],[52.8,22.8],[54.8,23.8],[55,24],[54.5,24.5],[53.8,24.4],[52.5,24.2],[51.6,24],[51.5,22.6]]]}},{"type":"Feature","properties":{"id":"ae-dubai","name":"Dubai","country":"ae","iso3166_2":null,"postal":null},"geometry":{"type":"Polygon","coordinates":[[[54.9,24.7],[55.1,24.7],[55.6,25],[55.6,25.4],[55.2,25.4],[54.9,25.1],[54.9,24.7]]]}},{"type":"Feature","properties":{"id":"ae-sharjah","name":"Sharjah","country":"ae","iso3166_2":null,"postal":null},"geometry":{"type":"Polygon","coordinates":[[[55.3,25.2],[55.7,25.2],[55.8,25.6],[55.4,25.7],[55.3,25.4],[55.3,25.2]]]}},{"type":"Feature","properties":{"id":"ae-ajman","name":"Ajman","country":"ae","iso3166_2":null,"postal":null},"geometry":{"type":"Polygon","coordinates":[[[55.4,25.35],[55.55,25.35],[55.55,25.45],[55.4,25.45],[55.4,25.35]]]}},{"type":"Feature","properties":{"id":"ae-uaq","name":"Umm Al Quwain","country":"ae","iso3166_2":null,"postal":null},"geometry":{"type":"Polygon","coordinates":[[[55.5,25.5],[55.7,25.5],[55.7,25.65],[55.5,25.65],[55.5,25.5]]]}},{"type":"Feature","properties":{"id":"ae-rak","name":"Ras Al Khaimah","country":"ae","iso3166_2":null,"postal":null},"geometry":{"type":"Polygon","coordinates":[[[55.7,25.6],[56.1,25.6],[56.2,26.1],[55.8,26.1],[55.7,25.6]]]}},{"type":"Feature","properties":{"id":"ae-fujairah","name":"Fujairah","country":"ae","iso3166_2":null,"postal":null},"geometry":{"type":"Polygon","coordinates":[[[56.2,25],[56.4,25],[56.4,25.7],[56.2,25.7],[56.2,25]]]}},{"type":"Feature","properties":{"id":"jp-hokkaido","name":"Hokkaidō","country":"jp","iso3166_2":null,"postal":null,"note":"SAMPLE region block (not full prefecture borders)"},"geometry":{"type":"Polygon","coordinates":[[[139.5,41.3],[145.8,41.3],[145.8,45.5],[141,45.5],[139.5,43],[139.5,41.3]]]}},{"type":"Feature","properties":{"id":"jp-tohoku","name":"Tōhoku","country":"jp","iso3166_2":null,"postal":null,"note":"SAMPLE region block (not full prefecture borders)"},"geometry":{"type":"Polygon","coordinates":[[[139.5,37],[142,37],[142,41.5],[139.5,41.5],[139.5,37]]]}},{"type":"Feature","properties":{"id":"jp-kanto","name":"Kantō","country":"jp","iso3166_2":null,"postal":null,"note":"SAMPLE region block (not full prefecture borders)"},"geometry":{"type":"Polygon","coordinates":[[[138.8,35],[140.9,35],[140.9,37.2],[138.8,37.2],[138.8,35]]]}},{"type":"Feature","properties":{"id":"jp-chubu","name":"Chūbu","country":"jp","iso3166_2":null,"postal":null,"note":"SAMPLE region block (not full prefecture borders)"},"geometry":{"type":"Polygon","coordinates":[[[136,34.5],[138.9,34.5],[138.9,37.5],[136,37.5],[136,34.5]]]}},{"type":"Feature","properties":{"id":"jp-kansai","name":"Kansai","country":"jp","iso3166_2":null,"postal":null,"note":"SAMPLE region block (not full prefecture borders)"},"geometry":{"type":"Polygon","coordinates":[[[134.5,33.5],[136.5,33.5],[136.5,35.6],[134.5,35.6],[134.5,33.5]]]}},{"type":"Feature","properties":{"id":"jp-chugoku","name":"Chūgoku","country":"jp","iso3166_2":null,"postal":null,"note":"SAMPLE region block (not full prefecture borders)"},"geometry":{"type":"Polygon","coordinates":[[[130.8,33.8],[134.6,33.8],[134.6,35.6],[130.8,35.6],[130.8,33.8]]]}},{"type":"Feature","properties":{"id":"jp-shikoku","name":"Shikoku","country":"jp","iso3166_2":null,"postal":null,"note":"SAMPLE region block (not full prefecture borders)"},"geometry":{"type":"Polygon","coordinates":[[[132,32.7],[134.8,32.7],[134.8,34.5],[132,34.5],[132,32.7]]]}},{"type":"Feature","properties":{"id":"jp-kyushu","name":"Kyūshū","country":"jp","iso3166_2":null,"postal":null,"note":"SAMPLE region block (not full prefecture borders)"},"geometry":{"type":"Polygon","coordinates":[[[129.5,30.8],[132.2,30.8],[132.2,34],[129.5,34],[129.5,30.8]]]}},{"type":"Feature","properties":{"id":"jp-okinawa","name":"Okinawa","country":"jp","iso3166_2":null,"postal":null,"note":"SAMPLE region block (not full prefecture borders)"},"geometry":{"type":"Polygon","coordinates":[[[127,26],[128.5,26],[128.5,27],[127,27],[127,26]]]}}]}